ISO-10303-21;
HEADER;
FILE_DESCRIPTION(('Designed by EasyEDA Pro'),'2;1');
FILE_NAME('Open CASCADE Shape Model','2025-04-06T16:37:57',('Author'),(
    'Open CASCADE'),'Open CASCADE STEP processor 7.8','Open CASCADE 7.8'
  ,'Unknown');
FILE_SCHEMA(('AUTOMOTIVE_DESIGN { 1 0 10303 214 1 1 1 1 }'));
ENDSEC;
DATA;
#1 = APPLICATION_PROTOCOL_DEFINITION('international standard',
  'automotive_design',2000,#2);
#2 = APPLICATION_CONTEXT(
  'core data for automotive mechanical design processes');
#3 = SHAPE_DEFINITION_REPRESENTATION(#4,#10);
#4 = PRODUCT_DEFINITION_SHAPE('','',#5);
#5 = PRODUCT_DEFINITION('design','',#6,#9);
#6 = PRODUCT_DEFINITION_FORMATION('','',#7);
#7 = PRODUCT('kMOr-PCBModel','kMOr-PCBModel','',(#8));
#8 = PRODUCT_CONTEXT('',#2,'mechanical');
#9 = PRODUCT_DEFINITION_CONTEXT('part definition',#2,'design');
#10 = SHAPE_REPRESENTATION('',(#11,#15,#19,#23,#27,#31),#35);
#11 = AXIS2_PLACEMENT_3D('',#12,#13,#14);
#12 = CARTESIAN_POINT('',(0.,0.,0.));
#13 = DIRECTION('',(0.,0.,1.));
#14 = DIRECTION('',(1.,0.,-0.));
#15 = AXIS2_PLACEMENT_3D('',#16,#17,#18);
#16 = CARTESIAN_POINT('',(0.,0.,1.610050800102));
#17 = DIRECTION('',(0.,0.,1.));
#18 = DIRECTION('',(1.,0.,-0.));
#19 = AXIS2_PLACEMENT_3D('',#20,#21,#22);
#20 = CARTESIAN_POINT('',(0.,0.,-1.E-02));
#21 = DIRECTION('',(0.,0.,1.));
#22 = DIRECTION('',(1.,0.,-0.));
#23 = AXIS2_PLACEMENT_3D('',#24,#25,#26);
#24 = CARTESIAN_POINT('',(0.,0.,0.));
#25 = DIRECTION('',(0.,0.,1.));
#26 = DIRECTION('',(1.,0.,-0.));
#27 = AXIS2_PLACEMENT_3D('',#28,#29,#30);
#28 = CARTESIAN_POINT('',(0.,0.,0.));
#29 = DIRECTION('',(0.,0.,1.));
#30 = DIRECTION('',(1.,0.,-0.));
#31 = AXIS2_PLACEMENT_3D('',#32,#33,#34);
#32 = CARTESIAN_POINT('',(0.,0.,0.));
#33 = DIRECTION('',(0.,0.,1.));
#34 = DIRECTION('',(1.,0.,-0.));
#35 = ( GEOMETRIC_REPRESENTATION_CONTEXT(3) 
GLOBAL_UNCERTAINTY_ASSIGNED_CONTEXT((#39)) GLOBAL_UNIT_ASSIGNED_CONTEXT(
(#36,#37,#38)) REPRESENTATION_CONTEXT('Context #1',
  '3D Context with UNIT and UNCERTAINTY') );
#36 = ( LENGTH_UNIT() NAMED_UNIT(*) SI_UNIT(.MILLI.,.METRE.) );
#37 = ( NAMED_UNIT(*) PLANE_ANGLE_UNIT() SI_UNIT($,.RADIAN.) );
#38 = ( NAMED_UNIT(*) SI_UNIT($,.STERADIAN.) SOLID_ANGLE_UNIT() );
#39 = UNCERTAINTY_MEASURE_WITH_UNIT(LENGTH_MEASURE(1.E-07),#36,
  'distance_accuracy_value','confusion accuracy');
#40 = PRODUCT_RELATED_PRODUCT_CATEGORY('part',$,(#7));
#41 = SHAPE_DEFINITION_REPRESENTATION(#42,#48);
#42 = PRODUCT_DEFINITION_SHAPE('','',#43);
#43 = PRODUCT_DEFINITION('design','',#44,#47);
#44 = PRODUCT_DEFINITION_FORMATION('','',#45);
#45 = PRODUCT('kMOr-TopTrack','kMOr-TopTrack','',(#46));
#46 = PRODUCT_CONTEXT('',#2,'mechanical');
#47 = PRODUCT_DEFINITION_CONTEXT('part definition',#2,'design');
#48 = SHAPE_REPRESENTATION('',(#11),#49);
#49 = ( GEOMETRIC_REPRESENTATION_CONTEXT(3) 
GLOBAL_UNCERTAINTY_ASSIGNED_CONTEXT((#53)) GLOBAL_UNIT_ASSIGNED_CONTEXT(
(#50,#51,#52)) REPRESENTATION_CONTEXT('Context #1',
  '3D Context with UNIT and UNCERTAINTY') );
#50 = ( LENGTH_UNIT() NAMED_UNIT(*) SI_UNIT(.MILLI.,.METRE.) );
#51 = ( NAMED_UNIT(*) PLANE_ANGLE_UNIT() SI_UNIT($,.RADIAN.) );
#52 = ( NAMED_UNIT(*) SI_UNIT($,.STERADIAN.) SOLID_ANGLE_UNIT() );
#53 = UNCERTAINTY_MEASURE_WITH_UNIT(LENGTH_MEASURE(1.E-07),#50,
  'distance_accuracy_value','confusion accuracy');
#54 = CONTEXT_DEPENDENT_SHAPE_REPRESENTATION(#55,#57);
#55 = ( REPRESENTATION_RELATIONSHIP('','',#48,#10) 
REPRESENTATION_RELATIONSHIP_WITH_TRANSFORMATION(#56) 
SHAPE_REPRESENTATION_RELATIONSHIP() );
#56 = ITEM_DEFINED_TRANSFORMATION('','',#11,#15);
#57 = PRODUCT_DEFINITION_SHAPE('Placement','Placement of an item',#58);
#58 = NEXT_ASSEMBLY_USAGE_OCCURRENCE('1','=>[0:1:1:2]','',#5,#43,$);
#59 = PRODUCT_RELATED_PRODUCT_CATEGORY('part',$,(#45));
#60 = SHAPE_DEFINITION_REPRESENTATION(#61,#67);
#61 = PRODUCT_DEFINITION_SHAPE('','',#62);
#62 = PRODUCT_DEFINITION('design','',#63,#66);
#63 = PRODUCT_DEFINITION_FORMATION('','',#64);
#64 = PRODUCT('kMOr-BottomTrack','kMOr-BottomTrack','',(#65));
#65 = PRODUCT_CONTEXT('',#2,'mechanical');
#66 = PRODUCT_DEFINITION_CONTEXT('part definition',#2,'design');
#67 = SHAPE_REPRESENTATION('',(#11),#68);
#68 = ( GEOMETRIC_REPRESENTATION_CONTEXT(3) 
GLOBAL_UNCERTAINTY_ASSIGNED_CONTEXT((#72)) GLOBAL_UNIT_ASSIGNED_CONTEXT(
(#69,#70,#71)) REPRESENTATION_CONTEXT('Context #1',
  '3D Context with UNIT and UNCERTAINTY') );
#69 = ( LENGTH_UNIT() NAMED_UNIT(*) SI_UNIT(.MILLI.,.METRE.) );
#70 = ( NAMED_UNIT(*) PLANE_ANGLE_UNIT() SI_UNIT($,.RADIAN.) );
#71 = ( NAMED_UNIT(*) SI_UNIT($,.STERADIAN.) SOLID_ANGLE_UNIT() );
#72 = UNCERTAINTY_MEASURE_WITH_UNIT(LENGTH_MEASURE(1.E-07),#69,
  'distance_accuracy_value','confusion accuracy');
#73 = CONTEXT_DEPENDENT_SHAPE_REPRESENTATION(#74,#76);
#74 = ( REPRESENTATION_RELATIONSHIP('','',#67,#10) 
REPRESENTATION_RELATIONSHIP_WITH_TRANSFORMATION(#75) 
SHAPE_REPRESENTATION_RELATIONSHIP() );
#75 = ITEM_DEFINED_TRANSFORMATION('','',#11,#19);
#76 = PRODUCT_DEFINITION_SHAPE('Placement','Placement of an item',#77);
#77 = NEXT_ASSEMBLY_USAGE_OCCURRENCE('2','=>[0:1:1:3]','',#5,#62,$);
#78 = PRODUCT_RELATED_PRODUCT_CATEGORY('part',$,(#64));
#79 = SHAPE_DEFINITION_REPRESENTATION(#80,#86);
#80 = PRODUCT_DEFINITION_SHAPE('','',#81);
#81 = PRODUCT_DEFINITION('design','',#82,#85);
#82 = PRODUCT_DEFINITION_FORMATION('','',#83);
#83 = PRODUCT('kMOr-Board','kMOr-Board','',(#84));
#84 = PRODUCT_CONTEXT('',#2,'mechanical');
#85 = PRODUCT_DEFINITION_CONTEXT('part definition',#2,'design');
#86 = ADVANCED_BREP_SHAPE_REPRESENTATION('',(#11,#87),#1973);
#87 = MANIFOLD_SOLID_BREP('',#88);
#88 = CLOSED_SHELL('',(#89,#129,#162,#193,#224,#255,#288,#319,#350,#381,
    #414,#445,#476,#507,#540,#571,#593,#635,#659,#701,#725,#767,#791,
    #833,#857,#899,#923,#965,#989,#1031,#1055,#1097,#1121,#1163,#1187,
    #1229,#1253,#1295,#1319,#1361,#1385,#1427,#1451,#1493,#1517,#1559,
    #1583,#1625,#1649,#1691,#1715,#1757,#1781,#1877));
#89 = ADVANCED_FACE('',(#90),#124,.T.);
#90 = FACE_BOUND('',#91,.T.);
#91 = EDGE_LOOP('',(#92,#102,#110,#118));
#92 = ORIENTED_EDGE('',*,*,#93,.T.);
#93 = EDGE_CURVE('',#94,#96,#98,.T.);
#94 = VERTEX_POINT('',#95);
#95 = CARTESIAN_POINT('',(1.270002540006E-02,88.18747523495,0.));
#96 = VERTEX_POINT('',#97);
#97 = CARTESIAN_POINT('',(1.270002540006E-02,88.18747523495,
    1.600050800102));
#98 = LINE('',#99,#100);
#99 = CARTESIAN_POINT('',(1.270002540006E-02,88.18747523495,0.));
#100 = VECTOR('',#101,1.);
#101 = DIRECTION('',(0.,0.,1.));
#102 = ORIENTED_EDGE('',*,*,#103,.T.);
#103 = EDGE_CURVE('',#96,#104,#106,.T.);
#104 = VERTEX_POINT('',#105);
#105 = CARTESIAN_POINT('',(5.676315936315,88.18747523495,1.600050800102)
  );
#106 = LINE('',#107,#108);
#107 = CARTESIAN_POINT('',(1.270002540006E-02,88.18747523495,
    1.600050800102));
#108 = VECTOR('',#109,1.);
#109 = DIRECTION('',(1.,0.,0.));
#110 = ORIENTED_EDGE('',*,*,#111,.F.);
#111 = EDGE_CURVE('',#112,#104,#114,.T.);
#112 = VERTEX_POINT('',#113);
#113 = CARTESIAN_POINT('',(5.676315936315,88.18747523495,0.));
#114 = LINE('',#115,#116);
#115 = CARTESIAN_POINT('',(5.676315936315,88.18747523495,0.));
#116 = VECTOR('',#117,1.);
#117 = DIRECTION('',(0.,0.,1.));
#118 = ORIENTED_EDGE('',*,*,#119,.F.);
#119 = EDGE_CURVE('',#94,#112,#120,.T.);
#120 = LINE('',#121,#122);
#121 = CARTESIAN_POINT('',(1.270002540006E-02,88.18747523495,0.));
#122 = VECTOR('',#123,1.);
#123 = DIRECTION('',(1.,0.,0.));
#124 = PLANE('',#125);
#125 = AXIS2_PLACEMENT_3D('',#126,#127,#128);
#126 = CARTESIAN_POINT('',(1.270002540006E-02,88.18747523495,0.));
#127 = DIRECTION('',(0.,1.,0.));
#128 = DIRECTION('',(1.,0.,0.));
#129 = ADVANCED_FACE('',(#130),#157,.F.);
#130 = FACE_BOUND('',#131,.T.);
#131 = EDGE_LOOP('',(#132,#133,#142,#150));
#132 = ORIENTED_EDGE('',*,*,#111,.T.);
#133 = ORIENTED_EDGE('',*,*,#134,.T.);
#134 = EDGE_CURVE('',#104,#135,#137,.T.);
#135 = VERTEX_POINT('',#136);
#136 = CARTESIAN_POINT('',(8.312717805436,89.200177808576,1.600050800102
    ));
#137 = CIRCLE('',#138,1.512701729682);
#138 = AXIS2_PLACEMENT_3D('',#139,#140,#141);
#139 = CARTESIAN_POINT('',(6.800016075754,89.200176829502,1.600050800102
    ));
#140 = DIRECTION('',(0.,0.,1.));
#141 = DIRECTION('',(-0.742843164247,-0.669465483301,0.));
#142 = ORIENTED_EDGE('',*,*,#143,.F.);
#143 = EDGE_CURVE('',#144,#135,#146,.T.);
#144 = VERTEX_POINT('',#145);
#145 = CARTESIAN_POINT('',(8.312717805436,89.200177808576,0.));
#146 = LINE('',#147,#148);
#147 = CARTESIAN_POINT('',(8.312717805436,89.200177808576,0.));
#148 = VECTOR('',#149,1.);
#149 = DIRECTION('',(0.,0.,1.));
#150 = ORIENTED_EDGE('',*,*,#151,.F.);
#151 = EDGE_CURVE('',#112,#144,#152,.T.);
#152 = CIRCLE('',#153,1.512701729682);
#153 = AXIS2_PLACEMENT_3D('',#154,#155,#156);
#154 = CARTESIAN_POINT('',(6.800016075754,89.200176829502,0.));
#155 = DIRECTION('',(0.,0.,1.));
#156 = DIRECTION('',(-0.742843164247,-0.669465483301,0.));
#157 = CYLINDRICAL_SURFACE('',#158,1.512701729682);
#158 = AXIS2_PLACEMENT_3D('',#159,#160,#161);
#159 = CARTESIAN_POINT('',(6.800016075754,89.200176829502,0.));
#160 = DIRECTION('',(-0.,-0.,-1.));
#161 = DIRECTION('',(-0.742843164247,-0.669465483301,0.));
#162 = ADVANCED_FACE('',(#163),#188,.T.);
#163 = FACE_BOUND('',#164,.T.);
#164 = EDGE_LOOP('',(#165,#166,#174,#182));
#165 = ORIENTED_EDGE('',*,*,#143,.T.);
#166 = ORIENTED_EDGE('',*,*,#167,.T.);
#167 = EDGE_CURVE('',#135,#168,#170,.T.);
#168 = VERTEX_POINT('',#169);
#169 = CARTESIAN_POINT('',(8.312717805436,95.987493014986,1.600050800102
    ));
#170 = LINE('',#171,#172);
#171 = CARTESIAN_POINT('',(8.312717805436,89.200177808576,1.600050800102
    ));
#172 = VECTOR('',#173,1.);
#173 = DIRECTION('',(2.617171569876E-16,1.,0.));
#174 = ORIENTED_EDGE('',*,*,#175,.F.);
#175 = EDGE_CURVE('',#176,#168,#178,.T.);
#176 = VERTEX_POINT('',#177);
#177 = CARTESIAN_POINT('',(8.312717805436,95.987493014986,0.));
#178 = LINE('',#179,#180);
#179 = CARTESIAN_POINT('',(8.312717805436,95.987493014986,0.));
#180 = VECTOR('',#181,1.);
#181 = DIRECTION('',(0.,0.,1.));
#182 = ORIENTED_EDGE('',*,*,#183,.F.);
#183 = EDGE_CURVE('',#144,#176,#184,.T.);
#184 = LINE('',#185,#186);
#185 = CARTESIAN_POINT('',(8.312717805436,89.200177808576,0.));
#186 = VECTOR('',#187,1.);
#187 = DIRECTION('',(2.617171569876E-16,1.,0.));
#188 = PLANE('',#189);
#189 = AXIS2_PLACEMENT_3D('',#190,#191,#192);
#190 = CARTESIAN_POINT('',(8.312717805436,89.200177808576,0.));
#191 = DIRECTION('',(-1.,2.617171569876E-16,0.));
#192 = DIRECTION('',(2.617171569876E-16,1.,0.));
#193 = ADVANCED_FACE('',(#194),#219,.T.);
#194 = FACE_BOUND('',#195,.T.);
#195 = EDGE_LOOP('',(#196,#197,#205,#213));
#196 = ORIENTED_EDGE('',*,*,#175,.T.);
#197 = ORIENTED_EDGE('',*,*,#198,.T.);
#198 = EDGE_CURVE('',#168,#199,#201,.T.);
#199 = VERTEX_POINT('',#200);
#200 = CARTESIAN_POINT('',(89.187477774956,95.987493014986,
    1.600050800102));
#201 = LINE('',#202,#203);
#202 = CARTESIAN_POINT('',(8.312717805436,95.987493014986,1.600050800102
    ));
#203 = VECTOR('',#204,1.);
#204 = DIRECTION('',(1.,0.,0.));
#205 = ORIENTED_EDGE('',*,*,#206,.F.);
#206 = EDGE_CURVE('',#207,#199,#209,.T.);
#207 = VERTEX_POINT('',#208);
#208 = CARTESIAN_POINT('',(89.187477774956,95.987493014986,0.));
#209 = LINE('',#210,#211);
#210 = CARTESIAN_POINT('',(89.187477774956,95.987493014986,0.));
#211 = VECTOR('',#212,1.);
#212 = DIRECTION('',(0.,0.,1.));
#213 = ORIENTED_EDGE('',*,*,#214,.F.);
#214 = EDGE_CURVE('',#176,#207,#215,.T.);
#215 = LINE('',#216,#217);
#216 = CARTESIAN_POINT('',(8.312717805436,95.987493014986,0.));
#217 = VECTOR('',#218,1.);
#218 = DIRECTION('',(1.,0.,0.));
#219 = PLANE('',#220);
#220 = AXIS2_PLACEMENT_3D('',#221,#222,#223);
#221 = CARTESIAN_POINT('',(8.312717805436,95.987493014986,0.));
#222 = DIRECTION('',(0.,1.,0.));
#223 = DIRECTION('',(1.,0.,0.));
#224 = ADVANCED_FACE('',(#225),#250,.T.);
#225 = FACE_BOUND('',#226,.T.);
#226 = EDGE_LOOP('',(#227,#228,#236,#244));
#227 = ORIENTED_EDGE('',*,*,#206,.T.);
#228 = ORIENTED_EDGE('',*,*,#229,.T.);
#229 = EDGE_CURVE('',#199,#230,#232,.T.);
#230 = VERTEX_POINT('',#231);
#231 = CARTESIAN_POINT('',(89.187477774956,89.200177808576,
    1.600050800102));
#232 = LINE('',#233,#234);
#233 = CARTESIAN_POINT('',(89.187477774956,95.987493014986,
    1.600050800102));
#234 = VECTOR('',#235,1.);
#235 = DIRECTION('',(2.093737255901E-15,-1.,0.));
#236 = ORIENTED_EDGE('',*,*,#237,.F.);
#237 = EDGE_CURVE('',#238,#230,#240,.T.);
#238 = VERTEX_POINT('',#239);
#239 = CARTESIAN_POINT('',(89.187477774956,89.200177808576,0.));
#240 = LINE('',#241,#242);
#241 = CARTESIAN_POINT('',(89.187477774956,89.200177808576,0.));
#242 = VECTOR('',#243,1.);
#243 = DIRECTION('',(0.,0.,1.));
#244 = ORIENTED_EDGE('',*,*,#245,.F.);
#245 = EDGE_CURVE('',#207,#238,#246,.T.);
#246 = LINE('',#247,#248);
#247 = CARTESIAN_POINT('',(89.187477774956,95.987493014986,0.));
#248 = VECTOR('',#249,1.);
#249 = DIRECTION('',(2.093737255901E-15,-1.,0.));
#250 = PLANE('',#251);
#251 = AXIS2_PLACEMENT_3D('',#252,#253,#254);
#252 = CARTESIAN_POINT('',(89.187477774956,95.987493014986,0.));
#253 = DIRECTION('',(1.,2.093737255901E-15,-0.));
#254 = DIRECTION('',(2.093737255901E-15,-1.,0.));
#255 = ADVANCED_FACE('',(#256),#283,.F.);
#256 = FACE_BOUND('',#257,.T.);
#257 = EDGE_LOOP('',(#258,#259,#268,#276));
#258 = ORIENTED_EDGE('',*,*,#237,.T.);
#259 = ORIENTED_EDGE('',*,*,#260,.T.);
#260 = EDGE_CURVE('',#230,#261,#263,.T.);
#261 = VERTEX_POINT('',#262);
#262 = CARTESIAN_POINT('',(91.823879644076,88.18747523495,1.600050800102
    ));
#263 = CIRCLE('',#264,1.512701729682);
#264 = AXIS2_PLACEMENT_3D('',#265,#266,#267);
#265 = CARTESIAN_POINT('',(90.700179504637,89.200176829502,
    1.600050800102));
#266 = DIRECTION('',(0.,0.,1.));
#267 = DIRECTION('',(-1.,6.472347642692E-07,0.));
#268 = ORIENTED_EDGE('',*,*,#269,.F.);
#269 = EDGE_CURVE('',#270,#261,#272,.T.);
#270 = VERTEX_POINT('',#271);
#271 = CARTESIAN_POINT('',(91.823879644076,88.18747523495,0.));
#272 = LINE('',#273,#274);
#273 = CARTESIAN_POINT('',(91.823879644076,88.18747523495,0.));
#274 = VECTOR('',#275,1.);
#275 = DIRECTION('',(0.,0.,1.));
#276 = ORIENTED_EDGE('',*,*,#277,.F.);
#277 = EDGE_CURVE('',#238,#270,#278,.T.);
#278 = CIRCLE('',#279,1.512701729682);
#279 = AXIS2_PLACEMENT_3D('',#280,#281,#282);
#280 = CARTESIAN_POINT('',(90.700179504637,89.200176829502,0.));
#281 = DIRECTION('',(0.,0.,1.));
#282 = DIRECTION('',(-1.,6.472347642692E-07,0.));
#283 = CYLINDRICAL_SURFACE('',#284,1.512701729682);
#284 = AXIS2_PLACEMENT_3D('',#285,#286,#287);
#285 = CARTESIAN_POINT('',(90.700179504637,89.200176829502,0.));
#286 = DIRECTION('',(-0.,-0.,-1.));
#287 = DIRECTION('',(-1.,6.472347642692E-07,0.));
#288 = ADVANCED_FACE('',(#289),#314,.T.);
#289 = FACE_BOUND('',#290,.T.);
#290 = EDGE_LOOP('',(#291,#292,#300,#308));
#291 = ORIENTED_EDGE('',*,*,#269,.T.);
#292 = ORIENTED_EDGE('',*,*,#293,.T.);
#293 = EDGE_CURVE('',#261,#294,#296,.T.);
#294 = VERTEX_POINT('',#295);
#295 = CARTESIAN_POINT('',(95.987493014986,88.18747523495,1.600050800102
    ));
#296 = LINE('',#297,#298);
#297 = CARTESIAN_POINT('',(91.823879644076,88.18747523495,1.600050800102
    ));
#298 = VECTOR('',#299,1.);
#299 = DIRECTION('',(1.,3.413106225109E-15,0.));
#300 = ORIENTED_EDGE('',*,*,#301,.F.);
#301 = EDGE_CURVE('',#302,#294,#304,.T.);
#302 = VERTEX_POINT('',#303);
#303 = CARTESIAN_POINT('',(95.987493014986,88.18747523495,0.));
#304 = LINE('',#305,#306);
#305 = CARTESIAN_POINT('',(95.987493014986,88.18747523495,0.));
#306 = VECTOR('',#307,1.);
#307 = DIRECTION('',(0.,0.,1.));
#308 = ORIENTED_EDGE('',*,*,#309,.F.);
#309 = EDGE_CURVE('',#270,#302,#310,.T.);
#310 = LINE('',#311,#312);
#311 = CARTESIAN_POINT('',(91.823879644076,88.18747523495,0.));
#312 = VECTOR('',#313,1.);
#313 = DIRECTION('',(1.,3.413106225109E-15,0.));
#314 = PLANE('',#315);
#315 = AXIS2_PLACEMENT_3D('',#316,#317,#318);
#316 = CARTESIAN_POINT('',(91.823879644076,88.18747523495,0.));
#317 = DIRECTION('',(-3.413106225109E-15,1.,0.));
#318 = DIRECTION('',(1.,3.413106225109E-15,0.));
#319 = ADVANCED_FACE('',(#320),#345,.T.);
#320 = FACE_BOUND('',#321,.T.);
#321 = EDGE_LOOP('',(#322,#323,#331,#339));
#322 = ORIENTED_EDGE('',*,*,#301,.T.);
#323 = ORIENTED_EDGE('',*,*,#324,.T.);
#324 = EDGE_CURVE('',#294,#325,#327,.T.);
#325 = VERTEX_POINT('',#326);
#326 = CARTESIAN_POINT('',(95.987493014986,7.812715265431,1.600050800102
    ));
#327 = LINE('',#328,#329);
#328 = CARTESIAN_POINT('',(95.987493014986,88.18747523495,1.600050800102
    ));
#329 = VECTOR('',#330,1.);
#330 = DIRECTION('',(0.,-1.,0.));
#331 = ORIENTED_EDGE('',*,*,#332,.F.);
#332 = EDGE_CURVE('',#333,#325,#335,.T.);
#333 = VERTEX_POINT('',#334);
#334 = CARTESIAN_POINT('',(95.987493014986,7.812715265431,0.));
#335 = LINE('',#336,#337);
#336 = CARTESIAN_POINT('',(95.987493014986,7.812715265431,0.));
#337 = VECTOR('',#338,1.);
#338 = DIRECTION('',(0.,0.,1.));
#339 = ORIENTED_EDGE('',*,*,#340,.F.);
#340 = EDGE_CURVE('',#302,#333,#341,.T.);
#341 = LINE('',#342,#343);
#342 = CARTESIAN_POINT('',(95.987493014986,88.18747523495,0.));
#343 = VECTOR('',#344,1.);
#344 = DIRECTION('',(0.,-1.,0.));
#345 = PLANE('',#346);
#346 = AXIS2_PLACEMENT_3D('',#347,#348,#349);
#347 = CARTESIAN_POINT('',(95.987493014986,88.18747523495,0.));
#348 = DIRECTION('',(1.,0.,-0.));
#349 = DIRECTION('',(0.,-1.,0.));
#350 = ADVANCED_FACE('',(#351),#376,.T.);
#351 = FACE_BOUND('',#352,.T.);
#352 = EDGE_LOOP('',(#353,#354,#362,#370));
#353 = ORIENTED_EDGE('',*,*,#332,.T.);
#354 = ORIENTED_EDGE('',*,*,#355,.T.);
#355 = EDGE_CURVE('',#325,#356,#358,.T.);
#356 = VERTEX_POINT('',#357);
#357 = CARTESIAN_POINT('',(88.866254840355,7.812715265431,1.600050800102
    ));
#358 = LINE('',#359,#360);
#359 = CARTESIAN_POINT('',(95.987493014986,7.812715265431,1.600050800102
    ));
#360 = VECTOR('',#361,1.);
#361 = DIRECTION('',(-1.,0.,0.));
#362 = ORIENTED_EDGE('',*,*,#363,.F.);
#363 = EDGE_CURVE('',#364,#356,#366,.T.);
#364 = VERTEX_POINT('',#365);
#365 = CARTESIAN_POINT('',(88.866254840355,7.812715265431,0.));
#366 = LINE('',#367,#368);
#367 = CARTESIAN_POINT('',(88.866254840355,7.812715265431,0.));
#368 = VECTOR('',#369,1.);
#369 = DIRECTION('',(0.,0.,1.));
#370 = ORIENTED_EDGE('',*,*,#371,.F.);
#371 = EDGE_CURVE('',#333,#364,#372,.T.);
#372 = LINE('',#373,#374);
#373 = CARTESIAN_POINT('',(95.987493014986,7.812715265431,0.));
#374 = VECTOR('',#375,1.);
#375 = DIRECTION('',(-1.,0.,0.));
#376 = PLANE('',#377);
#377 = AXIS2_PLACEMENT_3D('',#378,#379,#380);
#378 = CARTESIAN_POINT('',(95.987493014986,7.812715265431,0.));
#379 = DIRECTION('',(0.,-1.,0.));
#380 = DIRECTION('',(-1.,0.,0.));
#381 = ADVANCED_FACE('',(#382),#409,.F.);
#382 = FACE_BOUND('',#383,.T.);
#383 = EDGE_LOOP('',(#384,#385,#394,#402));
#384 = ORIENTED_EDGE('',*,*,#363,.T.);
#385 = ORIENTED_EDGE('',*,*,#386,.T.);
#386 = EDGE_CURVE('',#356,#387,#389,.T.);
#387 = VERTEX_POINT('',#388);
#388 = CARTESIAN_POINT('',(86.229471679431,6.800009180872,1.600050800102
    ));
#389 = CIRCLE('',#390,1.512705043097);
#390 = AXIS2_PLACEMENT_3D('',#391,#392,#393);
#391 = CARTESIAN_POINT('',(87.742176664453,6.800428348656,1.600050800102
    ));
#392 = DIRECTION('',(0.,0.,1.));
#393 = DIRECTION('',(0.743091444715,0.669189886947,-0.));
#394 = ORIENTED_EDGE('',*,*,#395,.F.);
#395 = EDGE_CURVE('',#396,#387,#398,.T.);
#396 = VERTEX_POINT('',#397);
#397 = CARTESIAN_POINT('',(86.229471679431,6.800009180872,0.));
#398 = LINE('',#399,#400);
#399 = CARTESIAN_POINT('',(86.229471679431,6.800009180872,0.));
#400 = VECTOR('',#401,1.);
#401 = DIRECTION('',(0.,0.,1.));
#402 = ORIENTED_EDGE('',*,*,#403,.F.);
#403 = EDGE_CURVE('',#364,#396,#404,.T.);
#404 = CIRCLE('',#405,1.512705043097);
#405 = AXIS2_PLACEMENT_3D('',#406,#407,#408);
#406 = CARTESIAN_POINT('',(87.742176664453,6.800428348656,0.));
#407 = DIRECTION('',(0.,0.,1.));
#408 = DIRECTION('',(0.743091444715,0.669189886947,-0.));
#409 = CYLINDRICAL_SURFACE('',#410,1.512705043097);
#410 = AXIS2_PLACEMENT_3D('',#411,#412,#413);
#411 = CARTESIAN_POINT('',(87.742176664453,6.800428348656,0.));
#412 = DIRECTION('',(-0.,-0.,-1.));
#413 = DIRECTION('',(0.743091444715,0.669189886947,-0.));
#414 = ADVANCED_FACE('',(#415),#440,.T.);
#415 = FACE_BOUND('',#416,.T.);
#416 = EDGE_LOOP('',(#417,#418,#426,#434));
#417 = ORIENTED_EDGE('',*,*,#395,.T.);
#418 = ORIENTED_EDGE('',*,*,#419,.T.);
#419 = EDGE_CURVE('',#387,#420,#422,.T.);
#420 = VERTEX_POINT('',#421);
#421 = CARTESIAN_POINT('',(86.229471678944,1.270002540005E-02,
    1.600050800102));
#422 = LINE('',#423,#424);
#423 = CARTESIAN_POINT('',(86.229471679431,6.800009180872,1.600050800102
    ));
#424 = VECTOR('',#425,1.);
#425 = DIRECTION('',(-7.170637746682E-11,-1.,0.));
#426 = ORIENTED_EDGE('',*,*,#427,.F.);
#427 = EDGE_CURVE('',#428,#420,#430,.T.);
#428 = VERTEX_POINT('',#429);
#429 = CARTESIAN_POINT('',(86.229471678944,1.270002540005E-02,0.));
#430 = LINE('',#431,#432);
#431 = CARTESIAN_POINT('',(86.229471678944,1.270002540005E-02,0.));
#432 = VECTOR('',#433,1.);
#433 = DIRECTION('',(0.,0.,1.));
#434 = ORIENTED_EDGE('',*,*,#435,.F.);
#435 = EDGE_CURVE('',#396,#428,#436,.T.);
#436 = LINE('',#437,#438);
#437 = CARTESIAN_POINT('',(86.229471679431,6.800009180872,0.));
#438 = VECTOR('',#439,1.);
#439 = DIRECTION('',(-7.170637746682E-11,-1.,0.));
#440 = PLANE('',#441);
#441 = AXIS2_PLACEMENT_3D('',#442,#443,#444);
#442 = CARTESIAN_POINT('',(86.229471679431,6.800009180872,0.));
#443 = DIRECTION('',(1.,-7.170637746682E-11,0.));
#444 = DIRECTION('',(-7.170637746682E-11,-1.,0.));
#445 = ADVANCED_FACE('',(#446),#471,.T.);
#446 = FACE_BOUND('',#447,.T.);
#447 = EDGE_LOOP('',(#448,#449,#457,#465));
#448 = ORIENTED_EDGE('',*,*,#427,.T.);
#449 = ORIENTED_EDGE('',*,*,#450,.T.);
#450 = EDGE_CURVE('',#420,#451,#453,.T.);
#451 = VERTEX_POINT('',#452);
#452 = CARTESIAN_POINT('',(8.312717805436,1.270002540005E-02,
    1.600050800102));
#453 = LINE('',#454,#455);
#454 = CARTESIAN_POINT('',(86.229471678944,1.270002540005E-02,
    1.600050800102));
#455 = VECTOR('',#456,1.);
#456 = DIRECTION('',(-1.,0.,0.));
#457 = ORIENTED_EDGE('',*,*,#458,.F.);
#458 = EDGE_CURVE('',#459,#451,#461,.T.);
#459 = VERTEX_POINT('',#460);
#460 = CARTESIAN_POINT('',(8.312717805436,1.270002540005E-02,0.));
#461 = LINE('',#462,#463);
#462 = CARTESIAN_POINT('',(8.312717805436,1.270002540005E-02,0.));
#463 = VECTOR('',#464,1.);
#464 = DIRECTION('',(0.,0.,1.));
#465 = ORIENTED_EDGE('',*,*,#466,.F.);
#466 = EDGE_CURVE('',#428,#459,#467,.T.);
#467 = LINE('',#468,#469);
#468 = CARTESIAN_POINT('',(86.229471678944,1.270002540005E-02,0.));
#469 = VECTOR('',#470,1.);
#470 = DIRECTION('',(-1.,0.,0.));
#471 = PLANE('',#472);
#472 = AXIS2_PLACEMENT_3D('',#473,#474,#475);
#473 = CARTESIAN_POINT('',(86.229471678944,1.270002540005E-02,0.));
#474 = DIRECTION('',(0.,-1.,0.));
#475 = DIRECTION('',(-1.,0.,0.));
#476 = ADVANCED_FACE('',(#477),#502,.T.);
#477 = FACE_BOUND('',#478,.T.);
#478 = EDGE_LOOP('',(#479,#480,#488,#496));
#479 = ORIENTED_EDGE('',*,*,#458,.T.);
#480 = ORIENTED_EDGE('',*,*,#481,.T.);
#481 = EDGE_CURVE('',#451,#482,#484,.T.);
#482 = VERTEX_POINT('',#483);
#483 = CARTESIAN_POINT('',(8.312717805436,6.800012700025,1.600050800102)
  );
#484 = LINE('',#485,#486);
#485 = CARTESIAN_POINT('',(8.312717805436,1.270002540005E-02,
    1.600050800102));
#486 = VECTOR('',#487,1.);
#487 = DIRECTION('',(0.,1.,0.));
#488 = ORIENTED_EDGE('',*,*,#489,.F.);
#489 = EDGE_CURVE('',#490,#482,#492,.T.);
#490 = VERTEX_POINT('',#491);
#491 = CARTESIAN_POINT('',(8.312717805436,6.800012700025,0.));
#492 = LINE('',#493,#494);
#493 = CARTESIAN_POINT('',(8.312717805436,6.800012700025,0.));
#494 = VECTOR('',#495,1.);
#495 = DIRECTION('',(0.,0.,1.));
#496 = ORIENTED_EDGE('',*,*,#497,.F.);
#497 = EDGE_CURVE('',#459,#490,#498,.T.);
#498 = LINE('',#499,#500);
#499 = CARTESIAN_POINT('',(8.312717805436,1.270002540005E-02,0.));
#500 = VECTOR('',#501,1.);
#501 = DIRECTION('',(0.,1.,0.));
#502 = PLANE('',#503);
#503 = AXIS2_PLACEMENT_3D('',#504,#505,#506);
#504 = CARTESIAN_POINT('',(8.312717805436,1.270002540005E-02,0.));
#505 = DIRECTION('',(-1.,0.,0.));
#506 = DIRECTION('',(0.,1.,0.));
#507 = ADVANCED_FACE('',(#508),#535,.F.);
#508 = FACE_BOUND('',#509,.T.);
#509 = EDGE_LOOP('',(#510,#511,#520,#528));
#510 = ORIENTED_EDGE('',*,*,#489,.T.);
#511 = ORIENTED_EDGE('',*,*,#512,.T.);
#512 = EDGE_CURVE('',#482,#513,#515,.T.);
#513 = VERTEX_POINT('',#514);
#514 = CARTESIAN_POINT('',(5.676094604542,7.726715773432,1.600050800102)
  );
#515 = CIRCLE('',#516,1.496968315709);
#516 = AXIS2_PLACEMENT_3D('',#517,#518,#519);
#517 = CARTESIAN_POINT('',(6.8163724908,6.756828934492,1.600050800102));
#518 = DIRECTION('',(0.,0.,1.));
#519 = DIRECTION('',(0.99958382481,2.884748132622E-02,-0.));
#520 = ORIENTED_EDGE('',*,*,#521,.F.);
#521 = EDGE_CURVE('',#522,#513,#524,.T.);
#522 = VERTEX_POINT('',#523);
#523 = CARTESIAN_POINT('',(5.676094604542,7.726715773432,0.));
#524 = LINE('',#525,#526);
#525 = CARTESIAN_POINT('',(5.676094604542,7.726715773432,0.));
#526 = VECTOR('',#527,1.);
#527 = DIRECTION('',(0.,0.,1.));
#528 = ORIENTED_EDGE('',*,*,#529,.F.);
#529 = EDGE_CURVE('',#490,#522,#530,.T.);
#530 = CIRCLE('',#531,1.496968315709);
#531 = AXIS2_PLACEMENT_3D('',#532,#533,#534);
#532 = CARTESIAN_POINT('',(6.8163724908,6.756828934492,0.));
#533 = DIRECTION('',(0.,0.,1.));
#534 = DIRECTION('',(0.99958382481,2.884748132622E-02,-0.));
#535 = CYLINDRICAL_SURFACE('',#536,1.496968315709);
#536 = AXIS2_PLACEMENT_3D('',#537,#538,#539);
#537 = CARTESIAN_POINT('',(6.8163724908,6.756828934492,0.));
#538 = DIRECTION('',(-0.,-0.,-1.));
#539 = DIRECTION('',(0.99958382481,2.884748132622E-02,-0.));
#540 = ADVANCED_FACE('',(#541),#566,.T.);
#541 = FACE_BOUND('',#542,.T.);
#542 = EDGE_LOOP('',(#543,#544,#552,#560));
#543 = ORIENTED_EDGE('',*,*,#521,.T.);
#544 = ORIENTED_EDGE('',*,*,#545,.T.);
#545 = EDGE_CURVE('',#513,#546,#548,.T.);
#546 = VERTEX_POINT('',#547);
#547 = CARTESIAN_POINT('',(1.270002540005E-02,7.726715773432,
    1.600050800102));
#548 = LINE('',#549,#550);
#549 = CARTESIAN_POINT('',(5.676094604542,7.726715773432,1.600050800102)
  );
#550 = VECTOR('',#551,1.);
#551 = DIRECTION('',(-1.,1.568279248935E-16,0.));
#552 = ORIENTED_EDGE('',*,*,#553,.F.);
#553 = EDGE_CURVE('',#554,#546,#556,.T.);
#554 = VERTEX_POINT('',#555);
#555 = CARTESIAN_POINT('',(1.270002540005E-02,7.726715773432,0.));
#556 = LINE('',#557,#558);
#557 = CARTESIAN_POINT('',(1.270002540005E-02,7.726715773432,0.));
#558 = VECTOR('',#559,1.);
#559 = DIRECTION('',(0.,0.,1.));
#560 = ORIENTED_EDGE('',*,*,#561,.F.);
#561 = EDGE_CURVE('',#522,#554,#562,.T.);
#562 = LINE('',#563,#564);
#563 = CARTESIAN_POINT('',(5.676094604542,7.726715773432,0.));
#564 = VECTOR('',#565,1.);
#565 = DIRECTION('',(-1.,1.568279248935E-16,0.));
#566 = PLANE('',#567);
#567 = AXIS2_PLACEMENT_3D('',#568,#569,#570);
#568 = CARTESIAN_POINT('',(5.676094604542,7.726715773432,0.));
#569 = DIRECTION('',(-1.568279248935E-16,-1.,0.));
#570 = DIRECTION('',(-1.,1.568279248935E-16,0.));
#571 = ADVANCED_FACE('',(#572),#588,.T.);
#572 = FACE_BOUND('',#573,.T.);
#573 = EDGE_LOOP('',(#574,#575,#581,#582));
#574 = ORIENTED_EDGE('',*,*,#553,.T.);
#575 = ORIENTED_EDGE('',*,*,#576,.T.);
#576 = EDGE_CURVE('',#546,#96,#577,.T.);
#577 = LINE('',#578,#579);
#578 = CARTESIAN_POINT('',(1.270002540005E-02,7.726715773432,
    1.600050800102));
#579 = VECTOR('',#580,1.);
#580 = DIRECTION('',(6.280389993009E-17,1.,0.));
#581 = ORIENTED_EDGE('',*,*,#93,.F.);
#582 = ORIENTED_EDGE('',*,*,#583,.F.);
#583 = EDGE_CURVE('',#554,#94,#584,.T.);
#584 = LINE('',#585,#586);
#585 = CARTESIAN_POINT('',(1.270002540005E-02,7.726715773432,0.));
#586 = VECTOR('',#587,1.);
#587 = DIRECTION('',(6.280389993009E-17,1.,0.));
#588 = PLANE('',#589);
#589 = AXIS2_PLACEMENT_3D('',#590,#591,#592);
#590 = CARTESIAN_POINT('',(1.270002540005E-02,7.726715773432,0.));
#591 = DIRECTION('',(-1.,6.280389993009E-17,0.));
#592 = DIRECTION('',(6.280389993009E-17,1.,0.));
#593 = ADVANCED_FACE('',(#594),#630,.F.);
#594 = FACE_BOUND('',#595,.T.);
#595 = EDGE_LOOP('',(#596,#606,#615,#623));
#596 = ORIENTED_EDGE('',*,*,#597,.T.);
#597 = EDGE_CURVE('',#598,#600,#602,.T.);
#598 = VERTEX_POINT('',#599);
#599 = CARTESIAN_POINT('',(5.00001016002,84.50017018034,0.));
#600 = VERTEX_POINT('',#601);
#601 = CARTESIAN_POINT('',(5.00001016002,84.50017018034,1.600050800102)
  );
#602 = LINE('',#603,#604);
#603 = CARTESIAN_POINT('',(5.00001016002,84.50017018034,0.));
#604 = VECTOR('',#605,1.);
#605 = DIRECTION('',(0.,0.,1.));
#606 = ORIENTED_EDGE('',*,*,#607,.T.);
#607 = EDGE_CURVE('',#600,#608,#610,.T.);
#608 = VERTEX_POINT('',#609);
#609 = CARTESIAN_POINT('',(1.,84.50017018034,1.600050800102));
#610 = CIRCLE('',#611,2.00000508001);
#611 = AXIS2_PLACEMENT_3D('',#612,#613,#614);
#612 = CARTESIAN_POINT('',(3.00000508001,84.50017018034,1.600050800102)
  );
#613 = DIRECTION('',(0.,0.,1.));
#614 = DIRECTION('',(1.,1.110223024625E-16,-0.));
#615 = ORIENTED_EDGE('',*,*,#616,.F.);
#616 = EDGE_CURVE('',#617,#608,#619,.T.);
#617 = VERTEX_POINT('',#618);
#618 = CARTESIAN_POINT('',(1.,84.50017018034,0.));
#619 = LINE('',#620,#621);
#620 = CARTESIAN_POINT('',(1.,84.50017018034,0.));
#621 = VECTOR('',#622,1.);
#622 = DIRECTION('',(0.,0.,1.));
#623 = ORIENTED_EDGE('',*,*,#624,.F.);
#624 = EDGE_CURVE('',#598,#617,#625,.T.);
#625 = CIRCLE('',#626,2.00000508001);
#626 = AXIS2_PLACEMENT_3D('',#627,#628,#629);
#627 = CARTESIAN_POINT('',(3.00000508001,84.50017018034,0.));
#628 = DIRECTION('',(0.,0.,1.));
#629 = DIRECTION('',(1.,1.110223024625E-16,-0.));
#630 = CYLINDRICAL_SURFACE('',#631,2.00000508001);
#631 = AXIS2_PLACEMENT_3D('',#632,#633,#634);
#632 = CARTESIAN_POINT('',(3.00000508001,84.50017018034,0.));
#633 = DIRECTION('',(-0.,-0.,-1.));
#634 = DIRECTION('',(1.,1.110223024625E-16,-0.));
#635 = ADVANCED_FACE('',(#636),#654,.F.);
#636 = FACE_BOUND('',#637,.T.);
#637 = EDGE_LOOP('',(#638,#639,#646,#647));
#638 = ORIENTED_EDGE('',*,*,#616,.T.);
#639 = ORIENTED_EDGE('',*,*,#640,.T.);
#640 = EDGE_CURVE('',#608,#600,#641,.T.);
#641 = CIRCLE('',#642,2.00000508001);
#642 = AXIS2_PLACEMENT_3D('',#643,#644,#645);
#643 = CARTESIAN_POINT('',(3.00000508001,84.50017018034,1.600050800102)
  );
#644 = DIRECTION('',(0.,0.,1.));
#645 = DIRECTION('',(-1.,-1.110223024625E-16,0.));
#646 = ORIENTED_EDGE('',*,*,#597,.F.);
#647 = ORIENTED_EDGE('',*,*,#648,.F.);
#648 = EDGE_CURVE('',#617,#598,#649,.T.);
#649 = CIRCLE('',#650,2.00000508001);
#650 = AXIS2_PLACEMENT_3D('',#651,#652,#653);
#651 = CARTESIAN_POINT('',(3.00000508001,84.50017018034,0.));
#652 = DIRECTION('',(0.,0.,1.));
#653 = DIRECTION('',(-1.,-1.110223024625E-16,0.));
#654 = CYLINDRICAL_SURFACE('',#655,2.00000508001);
#655 = AXIS2_PLACEMENT_3D('',#656,#657,#658);
#656 = CARTESIAN_POINT('',(3.00000508001,84.50017018034,0.));
#657 = DIRECTION('',(-0.,-0.,-1.));
#658 = DIRECTION('',(-1.,-1.110223024625E-16,0.));
#659 = ADVANCED_FACE('',(#660),#696,.F.);
#660 = FACE_BOUND('',#661,.T.);
#661 = EDGE_LOOP('',(#662,#672,#681,#689));
#662 = ORIENTED_EDGE('',*,*,#663,.T.);
#663 = EDGE_CURVE('',#664,#666,#668,.T.);
#664 = VERTEX_POINT('',#665);
#665 = CARTESIAN_POINT('',(5.00001016002,11.500022860046,0.));
#666 = VERTEX_POINT('',#667);
#667 = CARTESIAN_POINT('',(5.00001016002,11.500022860046,1.600050800102)
  );
#668 = LINE('',#669,#670);
#669 = CARTESIAN_POINT('',(5.00001016002,11.500022860046,0.));
#670 = VECTOR('',#671,1.);
#671 = DIRECTION('',(0.,0.,1.));
#672 = ORIENTED_EDGE('',*,*,#673,.T.);
#673 = EDGE_CURVE('',#666,#674,#676,.T.);
#674 = VERTEX_POINT('',#675);
#675 = CARTESIAN_POINT('',(1.,11.500022860046,1.600050800102));
#676 = CIRCLE('',#677,2.00000508001);
#677 = AXIS2_PLACEMENT_3D('',#678,#679,#680);
#678 = CARTESIAN_POINT('',(3.00000508001,11.500022860046,1.600050800102)
  );
#679 = DIRECTION('',(0.,0.,1.));
#680 = DIRECTION('',(1.,1.110223024625E-16,-0.));
#681 = ORIENTED_EDGE('',*,*,#682,.F.);
#682 = EDGE_CURVE('',#683,#674,#685,.T.);
#683 = VERTEX_POINT('',#684);
#684 = CARTESIAN_POINT('',(1.,11.500022860046,0.));
#685 = LINE('',#686,#687);
#686 = CARTESIAN_POINT('',(1.,11.500022860046,0.));
#687 = VECTOR('',#688,1.);
#688 = DIRECTION('',(0.,0.,1.));
#689 = ORIENTED_EDGE('',*,*,#690,.F.);
#690 = EDGE_CURVE('',#664,#683,#691,.T.);
#691 = CIRCLE('',#692,2.00000508001);
#692 = AXIS2_PLACEMENT_3D('',#693,#694,#695);
#693 = CARTESIAN_POINT('',(3.00000508001,11.500022860046,0.));
#694 = DIRECTION('',(0.,0.,1.));
#695 = DIRECTION('',(1.,1.110223024625E-16,-0.));
#696 = CYLINDRICAL_SURFACE('',#697,2.00000508001);
#697 = AXIS2_PLACEMENT_3D('',#698,#699,#700);
#698 = CARTESIAN_POINT('',(3.00000508001,11.500022860046,0.));
#699 = DIRECTION('',(-0.,-0.,-1.));
#700 = DIRECTION('',(1.,1.110223024625E-16,-0.));
#701 = ADVANCED_FACE('',(#702),#720,.F.);
#702 = FACE_BOUND('',#703,.T.);
#703 = EDGE_LOOP('',(#704,#705,#712,#713));
#704 = ORIENTED_EDGE('',*,*,#682,.T.);
#705 = ORIENTED_EDGE('',*,*,#706,.T.);
#706 = EDGE_CURVE('',#674,#666,#707,.T.);
#707 = CIRCLE('',#708,2.00000508001);
#708 = AXIS2_PLACEMENT_3D('',#709,#710,#711);
#709 = CARTESIAN_POINT('',(3.00000508001,11.500022860046,1.600050800102)
  );
#710 = DIRECTION('',(0.,0.,1.));
#711 = DIRECTION('',(-1.,-1.110223024625E-16,0.));
#712 = ORIENTED_EDGE('',*,*,#663,.F.);
#713 = ORIENTED_EDGE('',*,*,#714,.F.);
#714 = EDGE_CURVE('',#683,#664,#715,.T.);
#715 = CIRCLE('',#716,2.00000508001);
#716 = AXIS2_PLACEMENT_3D('',#717,#718,#719);
#717 = CARTESIAN_POINT('',(3.00000508001,11.500022860046,0.));
#718 = DIRECTION('',(0.,0.,1.));
#719 = DIRECTION('',(-1.,-1.110223024625E-16,0.));
#720 = CYLINDRICAL_SURFACE('',#721,2.00000508001);
#721 = AXIS2_PLACEMENT_3D('',#722,#723,#724);
#722 = CARTESIAN_POINT('',(3.00000508001,11.500022860046,0.));
#723 = DIRECTION('',(-0.,-0.,-1.));
#724 = DIRECTION('',(-1.,-1.110223024625E-16,0.));
#725 = ADVANCED_FACE('',(#726),#762,.F.);
#726 = FACE_BOUND('',#727,.T.);
#727 = EDGE_LOOP('',(#728,#738,#747,#755));
#728 = ORIENTED_EDGE('',*,*,#729,.T.);
#729 = EDGE_CURVE('',#730,#732,#734,.T.);
#730 = VERTEX_POINT('',#731);
#731 = CARTESIAN_POINT('',(3.200007620015,77.50015494031,0.));
#732 = VERTEX_POINT('',#733);
#733 = CARTESIAN_POINT('',(3.200007620015,77.50015494031,1.600050800102)
  );
#734 = LINE('',#735,#736);
#735 = CARTESIAN_POINT('',(3.200007620015,77.50015494031,0.));
#736 = VECTOR('',#737,1.);
#737 = DIRECTION('',(0.,0.,1.));
#738 = ORIENTED_EDGE('',*,*,#739,.T.);
#739 = EDGE_CURVE('',#732,#740,#742,.T.);
#740 = VERTEX_POINT('',#741);
#741 = CARTESIAN_POINT('',(1.000002540005,77.50015494031,1.600050800102)
  );
#742 = CIRCLE('',#743,1.100002540005);
#743 = AXIS2_PLACEMENT_3D('',#744,#745,#746);
#744 = CARTESIAN_POINT('',(2.10000508001,77.50015494031,1.600050800102)
  );
#745 = DIRECTION('',(0.,0.,1.));
#746 = DIRECTION('',(1.,1.110223024625E-16,-0.));
#747 = ORIENTED_EDGE('',*,*,#748,.F.);
#748 = EDGE_CURVE('',#749,#740,#751,.T.);
#749 = VERTEX_POINT('',#750);
#750 = CARTESIAN_POINT('',(1.000002540005,77.50015494031,0.));
#751 = LINE('',#752,#753);
#752 = CARTESIAN_POINT('',(1.000002540005,77.50015494031,0.));
#753 = VECTOR('',#754,1.);
#754 = DIRECTION('',(0.,0.,1.));
#755 = ORIENTED_EDGE('',*,*,#756,.F.);
#756 = EDGE_CURVE('',#730,#749,#757,.T.);
#757 = CIRCLE('',#758,1.100002540005);
#758 = AXIS2_PLACEMENT_3D('',#759,#760,#761);
#759 = CARTESIAN_POINT('',(2.10000508001,77.50015494031,0.));
#760 = DIRECTION('',(0.,0.,1.));
#761 = DIRECTION('',(1.,1.110223024625E-16,-0.));
#762 = CYLINDRICAL_SURFACE('',#763,1.100002540005);
#763 = AXIS2_PLACEMENT_3D('',#764,#765,#766);
#764 = CARTESIAN_POINT('',(2.10000508001,77.50015494031,0.));
#765 = DIRECTION('',(-0.,-0.,-1.));
#766 = DIRECTION('',(1.,1.110223024625E-16,-0.));
#767 = ADVANCED_FACE('',(#768),#786,.F.);
#768 = FACE_BOUND('',#769,.T.);
#769 = EDGE_LOOP('',(#770,#771,#778,#779));
#770 = ORIENTED_EDGE('',*,*,#748,.T.);
#771 = ORIENTED_EDGE('',*,*,#772,.T.);
#772 = EDGE_CURVE('',#740,#732,#773,.T.);
#773 = CIRCLE('',#774,1.100002540005);
#774 = AXIS2_PLACEMENT_3D('',#775,#776,#777);
#775 = CARTESIAN_POINT('',(2.10000508001,77.50015494031,1.600050800102)
  );
#776 = DIRECTION('',(0.,0.,1.));
#777 = DIRECTION('',(-1.,-1.110223024625E-16,0.));
#778 = ORIENTED_EDGE('',*,*,#729,.F.);
#779 = ORIENTED_EDGE('',*,*,#780,.F.);
#780 = EDGE_CURVE('',#749,#730,#781,.T.);
#781 = CIRCLE('',#782,1.100002540005);
#782 = AXIS2_PLACEMENT_3D('',#783,#784,#785);
#783 = CARTESIAN_POINT('',(2.10000508001,77.50015494031,0.));
#784 = DIRECTION('',(0.,0.,1.));
#785 = DIRECTION('',(-1.,-1.110223024625E-16,0.));
#786 = CYLINDRICAL_SURFACE('',#787,1.100002540005);
#787 = AXIS2_PLACEMENT_3D('',#788,#789,#790);
#788 = CARTESIAN_POINT('',(2.10000508001,77.50015494031,0.));
#789 = DIRECTION('',(-0.,-0.,-1.));
#790 = DIRECTION('',(-1.,-1.110223024625E-16,0.));
#791 = ADVANCED_FACE('',(#792),#828,.F.);
#792 = FACE_BOUND('',#793,.T.);
#793 = EDGE_LOOP('',(#794,#804,#813,#821));
#794 = ORIENTED_EDGE('',*,*,#795,.T.);
#795 = EDGE_CURVE('',#796,#798,#800,.T.);
#796 = VERTEX_POINT('',#797);
#797 = CARTESIAN_POINT('',(3.200007620015,18.500038100076,0.));
#798 = VERTEX_POINT('',#799);
#799 = CARTESIAN_POINT('',(3.200007620015,18.500038100076,1.600050800102
    ));
#800 = LINE('',#801,#802);
#801 = CARTESIAN_POINT('',(3.200007620015,18.500038100076,0.));
#802 = VECTOR('',#803,1.);
#803 = DIRECTION('',(0.,0.,1.));
#804 = ORIENTED_EDGE('',*,*,#805,.T.);
#805 = EDGE_CURVE('',#798,#806,#808,.T.);
#806 = VERTEX_POINT('',#807);
#807 = CARTESIAN_POINT('',(1.000002540005,18.500038100076,1.600050800102
    ));
#808 = CIRCLE('',#809,1.100002540005);
#809 = AXIS2_PLACEMENT_3D('',#810,#811,#812);
#810 = CARTESIAN_POINT('',(2.10000508001,18.500038100076,1.600050800102)
  );
#811 = DIRECTION('',(0.,0.,1.));
#812 = DIRECTION('',(1.,1.110223024625E-16,-0.));
#813 = ORIENTED_EDGE('',*,*,#814,.F.);
#814 = EDGE_CURVE('',#815,#806,#817,.T.);
#815 = VERTEX_POINT('',#816);
#816 = CARTESIAN_POINT('',(1.000002540005,18.500038100076,0.));
#817 = LINE('',#818,#819);
#818 = CARTESIAN_POINT('',(1.000002540005,18.500038100076,0.));
#819 = VECTOR('',#820,1.);
#820 = DIRECTION('',(0.,0.,1.));
#821 = ORIENTED_EDGE('',*,*,#822,.F.);
#822 = EDGE_CURVE('',#796,#815,#823,.T.);
#823 = CIRCLE('',#824,1.100002540005);
#824 = AXIS2_PLACEMENT_3D('',#825,#826,#827);
#825 = CARTESIAN_POINT('',(2.10000508001,18.500038100076,0.));
#826 = DIRECTION('',(0.,0.,1.));
#827 = DIRECTION('',(1.,1.110223024625E-16,-0.));
#828 = CYLINDRICAL_SURFACE('',#829,1.100002540005);
#829 = AXIS2_PLACEMENT_3D('',#830,#831,#832);
#830 = CARTESIAN_POINT('',(2.10000508001,18.500038100076,0.));
#831 = DIRECTION('',(-0.,-0.,-1.));
#832 = DIRECTION('',(1.,1.110223024625E-16,-0.));
#833 = ADVANCED_FACE('',(#834),#852,.F.);
#834 = FACE_BOUND('',#835,.T.);
#835 = EDGE_LOOP('',(#836,#837,#844,#845));
#836 = ORIENTED_EDGE('',*,*,#814,.T.);
#837 = ORIENTED_EDGE('',*,*,#838,.T.);
#838 = EDGE_CURVE('',#806,#798,#839,.T.);
#839 = CIRCLE('',#840,1.100002540005);
#840 = AXIS2_PLACEMENT_3D('',#841,#842,#843);
#841 = CARTESIAN_POINT('',(2.10000508001,18.500038100076,1.600050800102)
  );
#842 = DIRECTION('',(0.,0.,1.));
#843 = DIRECTION('',(-1.,-1.110223024625E-16,0.));
#844 = ORIENTED_EDGE('',*,*,#795,.F.);
#845 = ORIENTED_EDGE('',*,*,#846,.F.);
#846 = EDGE_CURVE('',#815,#796,#847,.T.);
#847 = CIRCLE('',#848,1.100002540005);
#848 = AXIS2_PLACEMENT_3D('',#849,#850,#851);
#849 = CARTESIAN_POINT('',(2.10000508001,18.500038100076,0.));
#850 = DIRECTION('',(0.,0.,1.));
#851 = DIRECTION('',(-1.,-1.110223024625E-16,0.));
#852 = CYLINDRICAL_SURFACE('',#853,1.100002540005);
#853 = AXIS2_PLACEMENT_3D('',#854,#855,#856);
#854 = CARTESIAN_POINT('',(2.10000508001,18.500038100076,0.));
#855 = DIRECTION('',(-0.,-0.,-1.));
#856 = DIRECTION('',(-1.,-1.110223024625E-16,0.));
#857 = ADVANCED_FACE('',(#858),#894,.F.);
#858 = FACE_BOUND('',#859,.T.);
#859 = EDGE_LOOP('',(#860,#870,#879,#887));
#860 = ORIENTED_EDGE('',*,*,#861,.T.);
#861 = EDGE_CURVE('',#862,#864,#866,.T.);
#862 = VERTEX_POINT('',#863);
#863 = CARTESIAN_POINT('',(3.900007620015,48.000096520193,0.));
#864 = VERTEX_POINT('',#865);
#865 = CARTESIAN_POINT('',(3.900007620015,48.000096520193,1.600050800102
    ));
#866 = LINE('',#867,#868);
#867 = CARTESIAN_POINT('',(3.900007620015,48.000096520193,0.));
#868 = VECTOR('',#869,1.);
#869 = DIRECTION('',(0.,0.,1.));
#870 = ORIENTED_EDGE('',*,*,#871,.T.);
#871 = EDGE_CURVE('',#864,#872,#874,.T.);
#872 = VERTEX_POINT('',#873);
#873 = CARTESIAN_POINT('',(1.700002540005,48.000096520193,1.600050800102
    ));
#874 = CIRCLE('',#875,1.100002540005);
#875 = AXIS2_PLACEMENT_3D('',#876,#877,#878);
#876 = CARTESIAN_POINT('',(2.80000508001,48.000096520193,1.600050800102)
  );
#877 = DIRECTION('',(0.,0.,1.));
#878 = DIRECTION('',(1.,1.110223024625E-16,-0.));
#879 = ORIENTED_EDGE('',*,*,#880,.F.);
#880 = EDGE_CURVE('',#881,#872,#883,.T.);
#881 = VERTEX_POINT('',#882);
#882 = CARTESIAN_POINT('',(1.700002540005,48.000096520193,0.));
#883 = LINE('',#884,#885);
#884 = CARTESIAN_POINT('',(1.700002540005,48.000096520193,0.));
#885 = VECTOR('',#886,1.);
#886 = DIRECTION('',(0.,0.,1.));
#887 = ORIENTED_EDGE('',*,*,#888,.F.);
#888 = EDGE_CURVE('',#862,#881,#889,.T.);
#889 = CIRCLE('',#890,1.100002540005);
#890 = AXIS2_PLACEMENT_3D('',#891,#892,#893);
#891 = CARTESIAN_POINT('',(2.80000508001,48.000096520193,0.));
#892 = DIRECTION('',(0.,0.,1.));
#893 = DIRECTION('',(1.,1.110223024625E-16,-0.));
#894 = CYLINDRICAL_SURFACE('',#895,1.100002540005);
#895 = AXIS2_PLACEMENT_3D('',#896,#897,#898);
#896 = CARTESIAN_POINT('',(2.80000508001,48.000096520193,0.));
#897 = DIRECTION('',(-0.,-0.,-1.));
#898 = DIRECTION('',(1.,1.110223024625E-16,-0.));
#899 = ADVANCED_FACE('',(#900),#918,.F.);
#900 = FACE_BOUND('',#901,.T.);
#901 = EDGE_LOOP('',(#902,#903,#910,#911));
#902 = ORIENTED_EDGE('',*,*,#880,.T.);
#903 = ORIENTED_EDGE('',*,*,#904,.T.);
#904 = EDGE_CURVE('',#872,#864,#905,.T.);
#905 = CIRCLE('',#906,1.100002540005);
#906 = AXIS2_PLACEMENT_3D('',#907,#908,#909);
#907 = CARTESIAN_POINT('',(2.80000508001,48.000096520193,1.600050800102)
  );
#908 = DIRECTION('',(0.,0.,1.));
#909 = DIRECTION('',(-1.,-1.110223024625E-16,0.));
#910 = ORIENTED_EDGE('',*,*,#861,.F.);
#911 = ORIENTED_EDGE('',*,*,#912,.F.);
#912 = EDGE_CURVE('',#881,#862,#913,.T.);
#913 = CIRCLE('',#914,1.100002540005);
#914 = AXIS2_PLACEMENT_3D('',#915,#916,#917);
#915 = CARTESIAN_POINT('',(2.80000508001,48.000096520193,0.));
#916 = DIRECTION('',(0.,0.,1.));
#917 = DIRECTION('',(-1.,-1.110223024625E-16,0.));
#918 = CYLINDRICAL_SURFACE('',#919,1.100002540005);
#919 = AXIS2_PLACEMENT_3D('',#920,#921,#922);
#920 = CARTESIAN_POINT('',(2.80000508001,48.000096520193,0.));
#921 = DIRECTION('',(-0.,-0.,-1.));
#922 = DIRECTION('',(-1.,-1.110223024625E-16,0.));
#923 = ADVANCED_FACE('',(#924),#960,.F.);
#924 = FACE_BOUND('',#925,.T.);
#925 = EDGE_LOOP('',(#926,#936,#945,#953));
#926 = ORIENTED_EDGE('',*,*,#927,.T.);
#927 = EDGE_CURVE('',#928,#930,#932,.T.);
#928 = VERTEX_POINT('',#929);
#929 = CARTESIAN_POINT('',(14.000027940056,2.30000508001,0.));
#930 = VERTEX_POINT('',#931);
#931 = CARTESIAN_POINT('',(14.000027940056,2.30000508001,1.600050800102)
  );
#932 = LINE('',#933,#934);
#933 = CARTESIAN_POINT('',(14.000027940056,2.30000508001,0.));
#934 = VECTOR('',#935,1.);
#935 = DIRECTION('',(0.,0.,1.));
#936 = ORIENTED_EDGE('',*,*,#937,.T.);
#937 = EDGE_CURVE('',#930,#938,#940,.T.);
#938 = VERTEX_POINT('',#939);
#939 = CARTESIAN_POINT('',(11.800022860046,2.30000508001,1.600050800102)
  );
#940 = CIRCLE('',#941,1.100002540005);
#941 = AXIS2_PLACEMENT_3D('',#942,#943,#944);
#942 = CARTESIAN_POINT('',(12.900025400051,2.30000508001,1.600050800102)
  );
#943 = DIRECTION('',(0.,0.,1.));
#944 = DIRECTION('',(1.,1.110223024625E-16,-0.));
#945 = ORIENTED_EDGE('',*,*,#946,.F.);
#946 = EDGE_CURVE('',#947,#938,#949,.T.);
#947 = VERTEX_POINT('',#948);
#948 = CARTESIAN_POINT('',(11.800022860046,2.30000508001,0.));
#949 = LINE('',#950,#951);
#950 = CARTESIAN_POINT('',(11.800022860046,2.30000508001,0.));
#951 = VECTOR('',#952,1.);
#952 = DIRECTION('',(0.,0.,1.));
#953 = ORIENTED_EDGE('',*,*,#954,.F.);
#954 = EDGE_CURVE('',#928,#947,#955,.T.);
#955 = CIRCLE('',#956,1.100002540005);
#956 = AXIS2_PLACEMENT_3D('',#957,#958,#959);
#957 = CARTESIAN_POINT('',(12.900025400051,2.30000508001,0.));
#958 = DIRECTION('',(0.,0.,1.));
#959 = DIRECTION('',(1.,1.110223024625E-16,-0.));
#960 = CYLINDRICAL_SURFACE('',#961,1.100002540005);
#961 = AXIS2_PLACEMENT_3D('',#962,#963,#964);
#962 = CARTESIAN_POINT('',(12.900025400051,2.30000508001,0.));
#963 = DIRECTION('',(-0.,-0.,-1.));
#964 = DIRECTION('',(1.,1.110223024625E-16,-0.));
#965 = ADVANCED_FACE('',(#966),#984,.F.);
#966 = FACE_BOUND('',#967,.T.);
#967 = EDGE_LOOP('',(#968,#969,#976,#977));
#968 = ORIENTED_EDGE('',*,*,#946,.T.);
#969 = ORIENTED_EDGE('',*,*,#970,.T.);
#970 = EDGE_CURVE('',#938,#930,#971,.T.);
#971 = CIRCLE('',#972,1.100002540005);
#972 = AXIS2_PLACEMENT_3D('',#973,#974,#975);
#973 = CARTESIAN_POINT('',(12.900025400051,2.30000508001,1.600050800102)
  );
#974 = DIRECTION('',(0.,0.,1.));
#975 = DIRECTION('',(-1.,-1.110223024625E-16,0.));
#976 = ORIENTED_EDGE('',*,*,#927,.F.);
#977 = ORIENTED_EDGE('',*,*,#978,.F.);
#978 = EDGE_CURVE('',#947,#928,#979,.T.);
#979 = CIRCLE('',#980,1.100002540005);
#980 = AXIS2_PLACEMENT_3D('',#981,#982,#983);
#981 = CARTESIAN_POINT('',(12.900025400051,2.30000508001,0.));
#982 = DIRECTION('',(0.,0.,1.));
#983 = DIRECTION('',(-1.,-1.110223024625E-16,0.));
#984 = CYLINDRICAL_SURFACE('',#985,1.100002540005);
#985 = AXIS2_PLACEMENT_3D('',#986,#987,#988);
#986 = CARTESIAN_POINT('',(12.900025400051,2.30000508001,0.));
#987 = DIRECTION('',(-0.,-0.,-1.));
#988 = DIRECTION('',(-1.,-1.110223024625E-16,0.));
#989 = ADVANCED_FACE('',(#990),#1026,.F.);
#990 = FACE_BOUND('',#991,.T.);
#991 = EDGE_LOOP('',(#992,#1002,#1011,#1019));
#992 = ORIENTED_EDGE('',*,*,#993,.T.);
#993 = EDGE_CURVE('',#994,#996,#998,.T.);
#994 = VERTEX_POINT('',#995);
#995 = CARTESIAN_POINT('',(15.200030480061,93.700187960376,0.));
#996 = VERTEX_POINT('',#997);
#997 = CARTESIAN_POINT('',(15.200030480061,93.700187960376,
    1.600050800102));
#998 = LINE('',#999,#1000);
#999 = CARTESIAN_POINT('',(15.200030480061,93.700187960376,0.));
#1000 = VECTOR('',#1001,1.);
#1001 = DIRECTION('',(0.,0.,1.));
#1002 = ORIENTED_EDGE('',*,*,#1003,.T.);
#1003 = EDGE_CURVE('',#996,#1004,#1006,.T.);
#1004 = VERTEX_POINT('',#1005);
#1005 = CARTESIAN_POINT('',(13.000025400051,93.700187960376,
    1.600050800102));
#1006 = CIRCLE('',#1007,1.100002540005);
#1007 = AXIS2_PLACEMENT_3D('',#1008,#1009,#1010);
#1008 = CARTESIAN_POINT('',(14.100027940056,93.700187960376,
    1.600050800102));
#1009 = DIRECTION('',(0.,0.,1.));
#1010 = DIRECTION('',(1.,1.110223024625E-16,-0.));
#1011 = ORIENTED_EDGE('',*,*,#1012,.F.);
#1012 = EDGE_CURVE('',#1013,#1004,#1015,.T.);
#1013 = VERTEX_POINT('',#1014);
#1014 = CARTESIAN_POINT('',(13.000025400051,93.700187960376,0.));
#1015 = LINE('',#1016,#1017);
#1016 = CARTESIAN_POINT('',(13.000025400051,93.700187960376,0.));
#1017 = VECTOR('',#1018,1.);
#1018 = DIRECTION('',(0.,0.,1.));
#1019 = ORIENTED_EDGE('',*,*,#1020,.F.);
#1020 = EDGE_CURVE('',#994,#1013,#1021,.T.);
#1021 = CIRCLE('',#1022,1.100002540005);
#1022 = AXIS2_PLACEMENT_3D('',#1023,#1024,#1025);
#1023 = CARTESIAN_POINT('',(14.100027940056,93.700187960376,0.));
#1024 = DIRECTION('',(0.,0.,1.));
#1025 = DIRECTION('',(1.,1.110223024625E-16,-0.));
#1026 = CYLINDRICAL_SURFACE('',#1027,1.100002540005);
#1027 = AXIS2_PLACEMENT_3D('',#1028,#1029,#1030);
#1028 = CARTESIAN_POINT('',(14.100027940056,93.700187960376,0.));
#1029 = DIRECTION('',(-0.,-0.,-1.));
#1030 = DIRECTION('',(1.,1.110223024625E-16,-0.));
#1031 = ADVANCED_FACE('',(#1032),#1050,.F.);
#1032 = FACE_BOUND('',#1033,.T.);
#1033 = EDGE_LOOP('',(#1034,#1035,#1042,#1043));
#1034 = ORIENTED_EDGE('',*,*,#1012,.T.);
#1035 = ORIENTED_EDGE('',*,*,#1036,.T.);
#1036 = EDGE_CURVE('',#1004,#996,#1037,.T.);
#1037 = CIRCLE('',#1038,1.100002540005);
#1038 = AXIS2_PLACEMENT_3D('',#1039,#1040,#1041);
#1039 = CARTESIAN_POINT('',(14.100027940056,93.700187960376,
    1.600050800102));
#1040 = DIRECTION('',(0.,0.,1.));
#1041 = DIRECTION('',(-1.,-1.110223024625E-16,0.));
#1042 = ORIENTED_EDGE('',*,*,#993,.F.);
#1043 = ORIENTED_EDGE('',*,*,#1044,.F.);
#1044 = EDGE_CURVE('',#1013,#994,#1045,.T.);
#1045 = CIRCLE('',#1046,1.100002540005);
#1046 = AXIS2_PLACEMENT_3D('',#1047,#1048,#1049);
#1047 = CARTESIAN_POINT('',(14.100027940056,93.700187960376,0.));
#1048 = DIRECTION('',(0.,0.,1.));
#1049 = DIRECTION('',(-1.,-1.110223024625E-16,0.));
#1050 = CYLINDRICAL_SURFACE('',#1051,1.100002540005);
#1051 = AXIS2_PLACEMENT_3D('',#1052,#1053,#1054);
#1052 = CARTESIAN_POINT('',(14.100027940056,93.700187960376,0.));
#1053 = DIRECTION('',(-0.,-0.,-1.));
#1054 = DIRECTION('',(-1.,-1.110223024625E-16,0.));
#1055 = ADVANCED_FACE('',(#1056),#1092,.F.);
#1056 = FACE_BOUND('',#1057,.T.);
#1057 = EDGE_LOOP('',(#1058,#1068,#1077,#1085));
#1058 = ORIENTED_EDGE('',*,*,#1059,.T.);
#1059 = EDGE_CURVE('',#1060,#1062,#1064,.T.);
#1060 = VERTEX_POINT('',#1061);
#1061 = CARTESIAN_POINT('',(19.500040640081,92.200185420371,0.));
#1062 = VERTEX_POINT('',#1063);
#1063 = CARTESIAN_POINT('',(19.500040640081,92.200185420371,
    1.600050800102));
#1064 = LINE('',#1065,#1066);
#1065 = CARTESIAN_POINT('',(19.500040640081,92.200185420371,0.));
#1066 = VECTOR('',#1067,1.);
#1067 = DIRECTION('',(0.,0.,1.));
#1068 = ORIENTED_EDGE('',*,*,#1069,.T.);
#1069 = EDGE_CURVE('',#1062,#1070,#1072,.T.);
#1070 = VERTEX_POINT('',#1071);
#1071 = CARTESIAN_POINT('',(15.500030480061,92.200185420371,
    1.600050800102));
#1072 = CIRCLE('',#1073,2.00000508001);
#1073 = AXIS2_PLACEMENT_3D('',#1074,#1075,#1076);
#1074 = CARTESIAN_POINT('',(17.500035560071,92.200185420371,
    1.600050800102));
#1075 = DIRECTION('',(0.,0.,1.));
#1076 = DIRECTION('',(1.,1.110223024625E-16,-0.));
#1077 = ORIENTED_EDGE('',*,*,#1078,.F.);
#1078 = EDGE_CURVE('',#1079,#1070,#1081,.T.);
#1079 = VERTEX_POINT('',#1080);
#1080 = CARTESIAN_POINT('',(15.500030480061,92.200185420371,0.));
#1081 = LINE('',#1082,#1083);
#1082 = CARTESIAN_POINT('',(15.500030480061,92.200185420371,0.));
#1083 = VECTOR('',#1084,1.);
#1084 = DIRECTION('',(0.,0.,1.));
#1085 = ORIENTED_EDGE('',*,*,#1086,.F.);
#1086 = EDGE_CURVE('',#1060,#1079,#1087,.T.);
#1087 = CIRCLE('',#1088,2.00000508001);
#1088 = AXIS2_PLACEMENT_3D('',#1089,#1090,#1091);
#1089 = CARTESIAN_POINT('',(17.500035560071,92.200185420371,0.));
#1090 = DIRECTION('',(0.,0.,1.));
#1091 = DIRECTION('',(1.,1.110223024625E-16,-0.));
#1092 = CYLINDRICAL_SURFACE('',#1093,2.00000508001);
#1093 = AXIS2_PLACEMENT_3D('',#1094,#1095,#1096);
#1094 = CARTESIAN_POINT('',(17.500035560071,92.200185420371,0.));
#1095 = DIRECTION('',(-0.,-0.,-1.));
#1096 = DIRECTION('',(1.,1.110223024625E-16,-0.));
#1097 = ADVANCED_FACE('',(#1098),#1116,.F.);
#1098 = FACE_BOUND('',#1099,.T.);
#1099 = EDGE_LOOP('',(#1100,#1101,#1108,#1109));
#1100 = ORIENTED_EDGE('',*,*,#1078,.T.);
#1101 = ORIENTED_EDGE('',*,*,#1102,.T.);
#1102 = EDGE_CURVE('',#1070,#1062,#1103,.T.);
#1103 = CIRCLE('',#1104,2.00000508001);
#1104 = AXIS2_PLACEMENT_3D('',#1105,#1106,#1107);
#1105 = CARTESIAN_POINT('',(17.500035560071,92.200185420371,
    1.600050800102));
#1106 = DIRECTION('',(0.,0.,1.));
#1107 = DIRECTION('',(-1.,-1.110223024625E-16,0.));
#1108 = ORIENTED_EDGE('',*,*,#1059,.F.);
#1109 = ORIENTED_EDGE('',*,*,#1110,.F.);
#1110 = EDGE_CURVE('',#1079,#1060,#1111,.T.);
#1111 = CIRCLE('',#1112,2.00000508001);
#1112 = AXIS2_PLACEMENT_3D('',#1113,#1114,#1115);
#1113 = CARTESIAN_POINT('',(17.500035560071,92.200185420371,0.));
#1114 = DIRECTION('',(0.,0.,1.));
#1115 = DIRECTION('',(-1.,-1.110223024625E-16,0.));
#1116 = CYLINDRICAL_SURFACE('',#1117,2.00000508001);
#1117 = AXIS2_PLACEMENT_3D('',#1118,#1119,#1120);
#1118 = CARTESIAN_POINT('',(17.500035560071,92.200185420371,0.));
#1119 = DIRECTION('',(-0.,-0.,-1.));
#1120 = DIRECTION('',(-1.,-1.110223024625E-16,0.));
#1121 = ADVANCED_FACE('',(#1122),#1158,.F.);
#1122 = FACE_BOUND('',#1123,.T.);
#1123 = EDGE_LOOP('',(#1124,#1134,#1143,#1151));
#1124 = ORIENTED_EDGE('',*,*,#1125,.T.);
#1125 = EDGE_CURVE('',#1126,#1128,#1130,.T.);
#1126 = VERTEX_POINT('',#1127);
#1127 = CARTESIAN_POINT('',(19.500040640081,3.800007620015,0.));
#1128 = VERTEX_POINT('',#1129);
#1129 = CARTESIAN_POINT('',(19.500040640081,3.800007620015,
    1.600050800102));
#1130 = LINE('',#1131,#1132);
#1131 = CARTESIAN_POINT('',(19.500040640081,3.800007620015,0.));
#1132 = VECTOR('',#1133,1.);
#1133 = DIRECTION('',(0.,0.,1.));
#1134 = ORIENTED_EDGE('',*,*,#1135,.T.);
#1135 = EDGE_CURVE('',#1128,#1136,#1138,.T.);
#1136 = VERTEX_POINT('',#1137);
#1137 = CARTESIAN_POINT('',(15.500030480061,3.800007620015,
    1.600050800102));
#1138 = CIRCLE('',#1139,2.00000508001);
#1139 = AXIS2_PLACEMENT_3D('',#1140,#1141,#1142);
#1140 = CARTESIAN_POINT('',(17.500035560071,3.800007620015,
    1.600050800102));
#1141 = DIRECTION('',(0.,0.,1.));
#1142 = DIRECTION('',(1.,1.110223024625E-16,-0.));
#1143 = ORIENTED_EDGE('',*,*,#1144,.F.);
#1144 = EDGE_CURVE('',#1145,#1136,#1147,.T.);
#1145 = VERTEX_POINT('',#1146);
#1146 = CARTESIAN_POINT('',(15.500030480061,3.800007620015,0.));
#1147 = LINE('',#1148,#1149);
#1148 = CARTESIAN_POINT('',(15.500030480061,3.800007620015,0.));
#1149 = VECTOR('',#1150,1.);
#1150 = DIRECTION('',(0.,0.,1.));
#1151 = ORIENTED_EDGE('',*,*,#1152,.F.);
#1152 = EDGE_CURVE('',#1126,#1145,#1153,.T.);
#1153 = CIRCLE('',#1154,2.00000508001);
#1154 = AXIS2_PLACEMENT_3D('',#1155,#1156,#1157);
#1155 = CARTESIAN_POINT('',(17.500035560071,3.800007620015,0.));
#1156 = DIRECTION('',(0.,0.,1.));
#1157 = DIRECTION('',(1.,1.110223024625E-16,-0.));
#1158 = CYLINDRICAL_SURFACE('',#1159,2.00000508001);
#1159 = AXIS2_PLACEMENT_3D('',#1160,#1161,#1162);
#1160 = CARTESIAN_POINT('',(17.500035560071,3.800007620015,0.));
#1161 = DIRECTION('',(-0.,-0.,-1.));
#1162 = DIRECTION('',(1.,1.110223024625E-16,-0.));
#1163 = ADVANCED_FACE('',(#1164),#1182,.F.);
#1164 = FACE_BOUND('',#1165,.T.);
#1165 = EDGE_LOOP('',(#1166,#1167,#1174,#1175));
#1166 = ORIENTED_EDGE('',*,*,#1144,.T.);
#1167 = ORIENTED_EDGE('',*,*,#1168,.T.);
#1168 = EDGE_CURVE('',#1136,#1128,#1169,.T.);
#1169 = CIRCLE('',#1170,2.00000508001);
#1170 = AXIS2_PLACEMENT_3D('',#1171,#1172,#1173);
#1171 = CARTESIAN_POINT('',(17.500035560071,3.800007620015,
    1.600050800102));
#1172 = DIRECTION('',(0.,0.,1.));
#1173 = DIRECTION('',(-1.,-1.110223024625E-16,0.));
#1174 = ORIENTED_EDGE('',*,*,#1125,.F.);
#1175 = ORIENTED_EDGE('',*,*,#1176,.F.);
#1176 = EDGE_CURVE('',#1145,#1126,#1177,.T.);
#1177 = CIRCLE('',#1178,2.00000508001);
#1178 = AXIS2_PLACEMENT_3D('',#1179,#1180,#1181);
#1179 = CARTESIAN_POINT('',(17.500035560071,3.800007620015,0.));
#1180 = DIRECTION('',(0.,0.,1.));
#1181 = DIRECTION('',(-1.,-1.110223024625E-16,0.));
#1182 = CYLINDRICAL_SURFACE('',#1183,2.00000508001);
#1183 = AXIS2_PLACEMENT_3D('',#1184,#1185,#1186);
#1184 = CARTESIAN_POINT('',(17.500035560071,3.800007620015,0.));
#1185 = DIRECTION('',(-0.,-0.,-1.));
#1186 = DIRECTION('',(-1.,-1.110223024625E-16,0.));
#1187 = ADVANCED_FACE('',(#1188),#1224,.F.);
#1188 = FACE_BOUND('',#1189,.T.);
#1189 = EDGE_LOOP('',(#1190,#1200,#1209,#1217));
#1190 = ORIENTED_EDGE('',*,*,#1191,.T.);
#1191 = EDGE_CURVE('',#1192,#1194,#1196,.T.);
#1192 = VERTEX_POINT('',#1193);
#1193 = CARTESIAN_POINT('',(80.500162560325,92.200185420371,0.));
#1194 = VERTEX_POINT('',#1195);
#1195 = CARTESIAN_POINT('',(80.500162560325,92.200185420371,
    1.600050800102));
#1196 = LINE('',#1197,#1198);
#1197 = CARTESIAN_POINT('',(80.500162560325,92.200185420371,0.));
#1198 = VECTOR('',#1199,1.);
#1199 = DIRECTION('',(0.,0.,1.));
#1200 = ORIENTED_EDGE('',*,*,#1201,.T.);
#1201 = EDGE_CURVE('',#1194,#1202,#1204,.T.);
#1202 = VERTEX_POINT('',#1203);
#1203 = CARTESIAN_POINT('',(76.500152400305,92.200185420371,
    1.600050800102));
#1204 = CIRCLE('',#1205,2.00000508001);
#1205 = AXIS2_PLACEMENT_3D('',#1206,#1207,#1208);
#1206 = CARTESIAN_POINT('',(78.500157480315,92.200185420371,
    1.600050800102));
#1207 = DIRECTION('',(0.,0.,1.));
#1208 = DIRECTION('',(1.,1.110223024625E-16,-0.));
#1209 = ORIENTED_EDGE('',*,*,#1210,.F.);
#1210 = EDGE_CURVE('',#1211,#1202,#1213,.T.);
#1211 = VERTEX_POINT('',#1212);
#1212 = CARTESIAN_POINT('',(76.500152400305,92.200185420371,0.));
#1213 = LINE('',#1214,#1215);
#1214 = CARTESIAN_POINT('',(76.500152400305,92.200185420371,0.));
#1215 = VECTOR('',#1216,1.);
#1216 = DIRECTION('',(0.,0.,1.));
#1217 = ORIENTED_EDGE('',*,*,#1218,.F.);
#1218 = EDGE_CURVE('',#1192,#1211,#1219,.T.);
#1219 = CIRCLE('',#1220,2.00000508001);
#1220 = AXIS2_PLACEMENT_3D('',#1221,#1222,#1223);
#1221 = CARTESIAN_POINT('',(78.500157480315,92.200185420371,0.));
#1222 = DIRECTION('',(0.,0.,1.));
#1223 = DIRECTION('',(1.,1.110223024625E-16,-0.));
#1224 = CYLINDRICAL_SURFACE('',#1225,2.00000508001);
#1225 = AXIS2_PLACEMENT_3D('',#1226,#1227,#1228);
#1226 = CARTESIAN_POINT('',(78.500157480315,92.200185420371,0.));
#1227 = DIRECTION('',(-0.,-0.,-1.));
#1228 = DIRECTION('',(1.,1.110223024625E-16,-0.));
#1229 = ADVANCED_FACE('',(#1230),#1248,.F.);
#1230 = FACE_BOUND('',#1231,.T.);
#1231 = EDGE_LOOP('',(#1232,#1233,#1240,#1241));
#1232 = ORIENTED_EDGE('',*,*,#1210,.T.);
#1233 = ORIENTED_EDGE('',*,*,#1234,.T.);
#1234 = EDGE_CURVE('',#1202,#1194,#1235,.T.);
#1235 = CIRCLE('',#1236,2.00000508001);
#1236 = AXIS2_PLACEMENT_3D('',#1237,#1238,#1239);
#1237 = CARTESIAN_POINT('',(78.500157480315,92.200185420371,
    1.600050800102));
#1238 = DIRECTION('',(0.,0.,1.));
#1239 = DIRECTION('',(-1.,-1.110223024625E-16,0.));
#1240 = ORIENTED_EDGE('',*,*,#1191,.F.);
#1241 = ORIENTED_EDGE('',*,*,#1242,.F.);
#1242 = EDGE_CURVE('',#1211,#1192,#1243,.T.);
#1243 = CIRCLE('',#1244,2.00000508001);
#1244 = AXIS2_PLACEMENT_3D('',#1245,#1246,#1247);
#1245 = CARTESIAN_POINT('',(78.500157480315,92.200185420371,0.));
#1246 = DIRECTION('',(0.,0.,1.));
#1247 = DIRECTION('',(-1.,-1.110223024625E-16,0.));
#1248 = CYLINDRICAL_SURFACE('',#1249,2.00000508001);
#1249 = AXIS2_PLACEMENT_3D('',#1250,#1251,#1252);
#1250 = CARTESIAN_POINT('',(78.500157480315,92.200185420371,0.));
#1251 = DIRECTION('',(-0.,-0.,-1.));
#1252 = DIRECTION('',(-1.,-1.110223024625E-16,0.));
#1253 = ADVANCED_FACE('',(#1254),#1290,.F.);
#1254 = FACE_BOUND('',#1255,.T.);
#1255 = EDGE_LOOP('',(#1256,#1266,#1275,#1283));
#1256 = ORIENTED_EDGE('',*,*,#1257,.T.);
#1257 = EDGE_CURVE('',#1258,#1260,#1262,.T.);
#1258 = VERTEX_POINT('',#1259);
#1259 = CARTESIAN_POINT('',(80.500162560325,3.800007620015,0.));
#1260 = VERTEX_POINT('',#1261);
#1261 = CARTESIAN_POINT('',(80.500162560325,3.800007620015,
    1.600050800102));
#1262 = LINE('',#1263,#1264);
#1263 = CARTESIAN_POINT('',(80.500162560325,3.800007620015,0.));
#1264 = VECTOR('',#1265,1.);
#1265 = DIRECTION('',(0.,0.,1.));
#1266 = ORIENTED_EDGE('',*,*,#1267,.T.);
#1267 = EDGE_CURVE('',#1260,#1268,#1270,.T.);
#1268 = VERTEX_POINT('',#1269);
#1269 = CARTESIAN_POINT('',(76.500152400305,3.800007620015,
    1.600050800102));
#1270 = CIRCLE('',#1271,2.00000508001);
#1271 = AXIS2_PLACEMENT_3D('',#1272,#1273,#1274);
#1272 = CARTESIAN_POINT('',(78.500157480315,3.800007620015,
    1.600050800102));
#1273 = DIRECTION('',(0.,0.,1.));
#1274 = DIRECTION('',(1.,1.110223024625E-16,-0.));
#1275 = ORIENTED_EDGE('',*,*,#1276,.F.);
#1276 = EDGE_CURVE('',#1277,#1268,#1279,.T.);
#1277 = VERTEX_POINT('',#1278);
#1278 = CARTESIAN_POINT('',(76.500152400305,3.800007620015,0.));
#1279 = LINE('',#1280,#1281);
#1280 = CARTESIAN_POINT('',(76.500152400305,3.800007620015,0.));
#1281 = VECTOR('',#1282,1.);
#1282 = DIRECTION('',(0.,0.,1.));
#1283 = ORIENTED_EDGE('',*,*,#1284,.F.);
#1284 = EDGE_CURVE('',#1258,#1277,#1285,.T.);
#1285 = CIRCLE('',#1286,2.00000508001);
#1286 = AXIS2_PLACEMENT_3D('',#1287,#1288,#1289);
#1287 = CARTESIAN_POINT('',(78.500157480315,3.800007620015,0.));
#1288 = DIRECTION('',(0.,0.,1.));
#1289 = DIRECTION('',(1.,1.110223024625E-16,-0.));
#1290 = CYLINDRICAL_SURFACE('',#1291,2.00000508001);
#1291 = AXIS2_PLACEMENT_3D('',#1292,#1293,#1294);
#1292 = CARTESIAN_POINT('',(78.500157480315,3.800007620015,0.));
#1293 = DIRECTION('',(-0.,-0.,-1.));
#1294 = DIRECTION('',(1.,1.110223024625E-16,-0.));
#1295 = ADVANCED_FACE('',(#1296),#1314,.F.);
#1296 = FACE_BOUND('',#1297,.T.);
#1297 = EDGE_LOOP('',(#1298,#1299,#1306,#1307));
#1298 = ORIENTED_EDGE('',*,*,#1276,.T.);
#1299 = ORIENTED_EDGE('',*,*,#1300,.T.);
#1300 = EDGE_CURVE('',#1268,#1260,#1301,.T.);
#1301 = CIRCLE('',#1302,2.00000508001);
#1302 = AXIS2_PLACEMENT_3D('',#1303,#1304,#1305);
#1303 = CARTESIAN_POINT('',(78.500157480315,3.800007620015,
    1.600050800102));
#1304 = DIRECTION('',(0.,0.,1.));
#1305 = DIRECTION('',(-1.,-1.110223024625E-16,0.));
#1306 = ORIENTED_EDGE('',*,*,#1257,.F.);
#1307 = ORIENTED_EDGE('',*,*,#1308,.F.);
#1308 = EDGE_CURVE('',#1277,#1258,#1309,.T.);
#1309 = CIRCLE('',#1310,2.00000508001);
#1310 = AXIS2_PLACEMENT_3D('',#1311,#1312,#1313);
#1311 = CARTESIAN_POINT('',(78.500157480315,3.800007620015,0.));
#1312 = DIRECTION('',(0.,0.,1.));
#1313 = DIRECTION('',(-1.,-1.110223024625E-16,0.));
#1314 = CYLINDRICAL_SURFACE('',#1315,2.00000508001);
#1315 = AXIS2_PLACEMENT_3D('',#1316,#1317,#1318);
#1316 = CARTESIAN_POINT('',(78.500157480315,3.800007620015,0.));
#1317 = DIRECTION('',(-0.,-0.,-1.));
#1318 = DIRECTION('',(-1.,-1.110223024625E-16,0.));
#1319 = ADVANCED_FACE('',(#1320),#1356,.F.);
#1320 = FACE_BOUND('',#1321,.T.);
#1321 = EDGE_LOOP('',(#1322,#1332,#1341,#1349));
#1322 = ORIENTED_EDGE('',*,*,#1323,.T.);
#1323 = EDGE_CURVE('',#1324,#1326,#1328,.T.);
#1324 = VERTEX_POINT('',#1325);
#1325 = CARTESIAN_POINT('',(83.00016510033,2.30000508001,0.));
#1326 = VERTEX_POINT('',#1327);
#1327 = CARTESIAN_POINT('',(83.00016510033,2.30000508001,1.600050800102)
  );
#1328 = LINE('',#1329,#1330);
#1329 = CARTESIAN_POINT('',(83.00016510033,2.30000508001,0.));
#1330 = VECTOR('',#1331,1.);
#1331 = DIRECTION('',(0.,0.,1.));
#1332 = ORIENTED_EDGE('',*,*,#1333,.T.);
#1333 = EDGE_CURVE('',#1326,#1334,#1336,.T.);
#1334 = VERTEX_POINT('',#1335);
#1335 = CARTESIAN_POINT('',(80.80016002032,2.30000508001,1.600050800102)
  );
#1336 = CIRCLE('',#1337,1.100002540005);
#1337 = AXIS2_PLACEMENT_3D('',#1338,#1339,#1340);
#1338 = CARTESIAN_POINT('',(81.900162560325,2.30000508001,1.600050800102
    ));
#1339 = DIRECTION('',(0.,0.,1.));
#1340 = DIRECTION('',(1.,1.110223024625E-16,-0.));
#1341 = ORIENTED_EDGE('',*,*,#1342,.F.);
#1342 = EDGE_CURVE('',#1343,#1334,#1345,.T.);
#1343 = VERTEX_POINT('',#1344);
#1344 = CARTESIAN_POINT('',(80.80016002032,2.30000508001,0.));
#1345 = LINE('',#1346,#1347);
#1346 = CARTESIAN_POINT('',(80.80016002032,2.30000508001,0.));
#1347 = VECTOR('',#1348,1.);
#1348 = DIRECTION('',(0.,0.,1.));
#1349 = ORIENTED_EDGE('',*,*,#1350,.F.);
#1350 = EDGE_CURVE('',#1324,#1343,#1351,.T.);
#1351 = CIRCLE('',#1352,1.100002540005);
#1352 = AXIS2_PLACEMENT_3D('',#1353,#1354,#1355);
#1353 = CARTESIAN_POINT('',(81.900162560325,2.30000508001,0.));
#1354 = DIRECTION('',(0.,0.,1.));
#1355 = DIRECTION('',(1.,1.110223024625E-16,-0.));
#1356 = CYLINDRICAL_SURFACE('',#1357,1.100002540005);
#1357 = AXIS2_PLACEMENT_3D('',#1358,#1359,#1360);
#1358 = CARTESIAN_POINT('',(81.900162560325,2.30000508001,0.));
#1359 = DIRECTION('',(-0.,-0.,-1.));
#1360 = DIRECTION('',(1.,1.110223024625E-16,-0.));
#1361 = ADVANCED_FACE('',(#1362),#1380,.F.);
#1362 = FACE_BOUND('',#1363,.T.);
#1363 = EDGE_LOOP('',(#1364,#1365,#1372,#1373));
#1364 = ORIENTED_EDGE('',*,*,#1342,.T.);
#1365 = ORIENTED_EDGE('',*,*,#1366,.T.);
#1366 = EDGE_CURVE('',#1334,#1326,#1367,.T.);
#1367 = CIRCLE('',#1368,1.100002540005);
#1368 = AXIS2_PLACEMENT_3D('',#1369,#1370,#1371);
#1369 = CARTESIAN_POINT('',(81.900162560325,2.30000508001,1.600050800102
    ));
#1370 = DIRECTION('',(0.,0.,1.));
#1371 = DIRECTION('',(-1.,-1.110223024625E-16,0.));
#1372 = ORIENTED_EDGE('',*,*,#1323,.F.);
#1373 = ORIENTED_EDGE('',*,*,#1374,.F.);
#1374 = EDGE_CURVE('',#1343,#1324,#1375,.T.);
#1375 = CIRCLE('',#1376,1.100002540005);
#1376 = AXIS2_PLACEMENT_3D('',#1377,#1378,#1379);
#1377 = CARTESIAN_POINT('',(81.900162560325,2.30000508001,0.));
#1378 = DIRECTION('',(0.,0.,1.));
#1379 = DIRECTION('',(-1.,-1.110223024625E-16,0.));
#1380 = CYLINDRICAL_SURFACE('',#1381,1.100002540005);
#1381 = AXIS2_PLACEMENT_3D('',#1382,#1383,#1384);
#1382 = CARTESIAN_POINT('',(81.900162560325,2.30000508001,0.));
#1383 = DIRECTION('',(-0.,-0.,-1.));
#1384 = DIRECTION('',(-1.,-1.110223024625E-16,0.));
#1385 = ADVANCED_FACE('',(#1386),#1422,.F.);
#1386 = FACE_BOUND('',#1387,.T.);
#1387 = EDGE_LOOP('',(#1388,#1398,#1407,#1415));
#1388 = ORIENTED_EDGE('',*,*,#1389,.T.);
#1389 = EDGE_CURVE('',#1390,#1392,#1394,.T.);
#1390 = VERTEX_POINT('',#1391);
#1391 = CARTESIAN_POINT('',(84.200167640335,93.700187960376,0.));
#1392 = VERTEX_POINT('',#1393);
#1393 = CARTESIAN_POINT('',(84.200167640335,93.700187960376,
    1.600050800102));
#1394 = LINE('',#1395,#1396);
#1395 = CARTESIAN_POINT('',(84.200167640335,93.700187960376,0.));
#1396 = VECTOR('',#1397,1.);
#1397 = DIRECTION('',(0.,0.,1.));
#1398 = ORIENTED_EDGE('',*,*,#1399,.T.);
#1399 = EDGE_CURVE('',#1392,#1400,#1402,.T.);
#1400 = VERTEX_POINT('',#1401);
#1401 = CARTESIAN_POINT('',(82.000162560325,93.700187960376,
    1.600050800102));
#1402 = CIRCLE('',#1403,1.100002540005);
#1403 = AXIS2_PLACEMENT_3D('',#1404,#1405,#1406);
#1404 = CARTESIAN_POINT('',(83.10016510033,93.700187960376,
    1.600050800102));
#1405 = DIRECTION('',(0.,0.,1.));
#1406 = DIRECTION('',(1.,1.110223024625E-16,-0.));
#1407 = ORIENTED_EDGE('',*,*,#1408,.F.);
#1408 = EDGE_CURVE('',#1409,#1400,#1411,.T.);
#1409 = VERTEX_POINT('',#1410);
#1410 = CARTESIAN_POINT('',(82.000162560325,93.700187960376,0.));
#1411 = LINE('',#1412,#1413);
#1412 = CARTESIAN_POINT('',(82.000162560325,93.700187960376,0.));
#1413 = VECTOR('',#1414,1.);
#1414 = DIRECTION('',(0.,0.,1.));
#1415 = ORIENTED_EDGE('',*,*,#1416,.F.);
#1416 = EDGE_CURVE('',#1390,#1409,#1417,.T.);
#1417 = CIRCLE('',#1418,1.100002540005);
#1418 = AXIS2_PLACEMENT_3D('',#1419,#1420,#1421);
#1419 = CARTESIAN_POINT('',(83.10016510033,93.700187960376,0.));
#1420 = DIRECTION('',(0.,0.,1.));
#1421 = DIRECTION('',(1.,1.110223024625E-16,-0.));
#1422 = CYLINDRICAL_SURFACE('',#1423,1.100002540005);
#1423 = AXIS2_PLACEMENT_3D('',#1424,#1425,#1426);
#1424 = CARTESIAN_POINT('',(83.10016510033,93.700187960376,0.));
#1425 = DIRECTION('',(-0.,-0.,-1.));
#1426 = DIRECTION('',(1.,1.110223024625E-16,-0.));
#1427 = ADVANCED_FACE('',(#1428),#1446,.F.);
#1428 = FACE_BOUND('',#1429,.T.);
#1429 = EDGE_LOOP('',(#1430,#1431,#1438,#1439));
#1430 = ORIENTED_EDGE('',*,*,#1408,.T.);
#1431 = ORIENTED_EDGE('',*,*,#1432,.T.);
#1432 = EDGE_CURVE('',#1400,#1392,#1433,.T.);
#1433 = CIRCLE('',#1434,1.100002540005);
#1434 = AXIS2_PLACEMENT_3D('',#1435,#1436,#1437);
#1435 = CARTESIAN_POINT('',(83.10016510033,93.700187960376,
    1.600050800102));
#1436 = DIRECTION('',(0.,0.,1.));
#1437 = DIRECTION('',(-1.,-1.110223024625E-16,0.));
#1438 = ORIENTED_EDGE('',*,*,#1389,.F.);
#1439 = ORIENTED_EDGE('',*,*,#1440,.F.);
#1440 = EDGE_CURVE('',#1409,#1390,#1441,.T.);
#1441 = CIRCLE('',#1442,1.100002540005);
#1442 = AXIS2_PLACEMENT_3D('',#1443,#1444,#1445);
#1443 = CARTESIAN_POINT('',(83.10016510033,93.700187960376,0.));
#1444 = DIRECTION('',(0.,0.,1.));
#1445 = DIRECTION('',(-1.,-1.110223024625E-16,0.));
#1446 = CYLINDRICAL_SURFACE('',#1447,1.100002540005);
#1447 = AXIS2_PLACEMENT_3D('',#1448,#1449,#1450);
#1448 = CARTESIAN_POINT('',(83.10016510033,93.700187960376,0.));
#1449 = DIRECTION('',(-0.,-0.,-1.));
#1450 = DIRECTION('',(-1.,-1.110223024625E-16,0.));
#1451 = ADVANCED_FACE('',(#1452),#1488,.F.);
#1452 = FACE_BOUND('',#1453,.T.);
#1453 = EDGE_LOOP('',(#1454,#1464,#1473,#1481));
#1454 = ORIENTED_EDGE('',*,*,#1455,.T.);
#1455 = EDGE_CURVE('',#1456,#1458,#1460,.T.);
#1456 = VERTEX_POINT('',#1457);
#1457 = CARTESIAN_POINT('',(95.000190500381,84.50017018034,0.));
#1458 = VERTEX_POINT('',#1459);
#1459 = CARTESIAN_POINT('',(95.000190500381,84.50017018034,
    1.600050800102));
#1460 = LINE('',#1461,#1462);
#1461 = CARTESIAN_POINT('',(95.000190500381,84.50017018034,0.));
#1462 = VECTOR('',#1463,1.);
#1463 = DIRECTION('',(0.,0.,1.));
#1464 = ORIENTED_EDGE('',*,*,#1465,.T.);
#1465 = EDGE_CURVE('',#1458,#1466,#1468,.T.);
#1466 = VERTEX_POINT('',#1467);
#1467 = CARTESIAN_POINT('',(91.000180340361,84.50017018034,
    1.600050800102));
#1468 = CIRCLE('',#1469,2.00000508001);
#1469 = AXIS2_PLACEMENT_3D('',#1470,#1471,#1472);
#1470 = CARTESIAN_POINT('',(93.000185420371,84.50017018034,
    1.600050800102));
#1471 = DIRECTION('',(0.,0.,1.));
#1472 = DIRECTION('',(1.,1.110223024625E-16,-0.));
#1473 = ORIENTED_EDGE('',*,*,#1474,.F.);
#1474 = EDGE_CURVE('',#1475,#1466,#1477,.T.);
#1475 = VERTEX_POINT('',#1476);
#1476 = CARTESIAN_POINT('',(91.000180340361,84.50017018034,0.));
#1477 = LINE('',#1478,#1479);
#1478 = CARTESIAN_POINT('',(91.000180340361,84.50017018034,0.));
#1479 = VECTOR('',#1480,1.);
#1480 = DIRECTION('',(0.,0.,1.));
#1481 = ORIENTED_EDGE('',*,*,#1482,.F.);
#1482 = EDGE_CURVE('',#1456,#1475,#1483,.T.);
#1483 = CIRCLE('',#1484,2.00000508001);
#1484 = AXIS2_PLACEMENT_3D('',#1485,#1486,#1487);
#1485 = CARTESIAN_POINT('',(93.000185420371,84.50017018034,0.));
#1486 = DIRECTION('',(0.,0.,1.));
#1487 = DIRECTION('',(1.,1.110223024625E-16,-0.));
#1488 = CYLINDRICAL_SURFACE('',#1489,2.00000508001);
#1489 = AXIS2_PLACEMENT_3D('',#1490,#1491,#1492);
#1490 = CARTESIAN_POINT('',(93.000185420371,84.50017018034,0.));
#1491 = DIRECTION('',(-0.,-0.,-1.));
#1492 = DIRECTION('',(1.,1.110223024625E-16,-0.));
#1493 = ADVANCED_FACE('',(#1494),#1512,.F.);
#1494 = FACE_BOUND('',#1495,.T.);
#1495 = EDGE_LOOP('',(#1496,#1497,#1504,#1505));
#1496 = ORIENTED_EDGE('',*,*,#1474,.T.);
#1497 = ORIENTED_EDGE('',*,*,#1498,.T.);
#1498 = EDGE_CURVE('',#1466,#1458,#1499,.T.);
#1499 = CIRCLE('',#1500,2.00000508001);
#1500 = AXIS2_PLACEMENT_3D('',#1501,#1502,#1503);
#1501 = CARTESIAN_POINT('',(93.000185420371,84.50017018034,
    1.600050800102));
#1502 = DIRECTION('',(0.,0.,1.));
#1503 = DIRECTION('',(-1.,-1.110223024625E-16,0.));
#1504 = ORIENTED_EDGE('',*,*,#1455,.F.);
#1505 = ORIENTED_EDGE('',*,*,#1506,.F.);
#1506 = EDGE_CURVE('',#1475,#1456,#1507,.T.);
#1507 = CIRCLE('',#1508,2.00000508001);
#1508 = AXIS2_PLACEMENT_3D('',#1509,#1510,#1511);
#1509 = CARTESIAN_POINT('',(93.000185420371,84.50017018034,0.));
#1510 = DIRECTION('',(0.,0.,1.));
#1511 = DIRECTION('',(-1.,-1.110223024625E-16,0.));
#1512 = CYLINDRICAL_SURFACE('',#1513,2.00000508001);
#1513 = AXIS2_PLACEMENT_3D('',#1514,#1515,#1516);
#1514 = CARTESIAN_POINT('',(93.000185420371,84.50017018034,0.));
#1515 = DIRECTION('',(-0.,-0.,-1.));
#1516 = DIRECTION('',(-1.,-1.110223024625E-16,0.));
#1517 = ADVANCED_FACE('',(#1518),#1554,.F.);
#1518 = FACE_BOUND('',#1519,.T.);
#1519 = EDGE_LOOP('',(#1520,#1530,#1539,#1547));
#1520 = ORIENTED_EDGE('',*,*,#1521,.T.);
#1521 = EDGE_CURVE('',#1522,#1524,#1526,.T.);
#1522 = VERTEX_POINT('',#1523);
#1523 = CARTESIAN_POINT('',(95.000190500381,11.500022860046,0.));
#1524 = VERTEX_POINT('',#1525);
#1525 = CARTESIAN_POINT('',(95.000190500381,11.500022860046,
    1.600050800102));
#1526 = LINE('',#1527,#1528);
#1527 = CARTESIAN_POINT('',(95.000190500381,11.500022860046,0.));
#1528 = VECTOR('',#1529,1.);
#1529 = DIRECTION('',(0.,0.,1.));
#1530 = ORIENTED_EDGE('',*,*,#1531,.T.);
#1531 = EDGE_CURVE('',#1524,#1532,#1534,.T.);
#1532 = VERTEX_POINT('',#1533);
#1533 = CARTESIAN_POINT('',(91.000180340361,11.500022860046,
    1.600050800102));
#1534 = CIRCLE('',#1535,2.00000508001);
#1535 = AXIS2_PLACEMENT_3D('',#1536,#1537,#1538);
#1536 = CARTESIAN_POINT('',(93.000185420371,11.500022860046,
    1.600050800102));
#1537 = DIRECTION('',(0.,0.,1.));
#1538 = DIRECTION('',(1.,1.110223024625E-16,-0.));
#1539 = ORIENTED_EDGE('',*,*,#1540,.F.);
#1540 = EDGE_CURVE('',#1541,#1532,#1543,.T.);
#1541 = VERTEX_POINT('',#1542);
#1542 = CARTESIAN_POINT('',(91.000180340361,11.500022860046,0.));
#1543 = LINE('',#1544,#1545);
#1544 = CARTESIAN_POINT('',(91.000180340361,11.500022860046,0.));
#1545 = VECTOR('',#1546,1.);
#1546 = DIRECTION('',(0.,0.,1.));
#1547 = ORIENTED_EDGE('',*,*,#1548,.F.);
#1548 = EDGE_CURVE('',#1522,#1541,#1549,.T.);
#1549 = CIRCLE('',#1550,2.00000508001);
#1550 = AXIS2_PLACEMENT_3D('',#1551,#1552,#1553);
#1551 = CARTESIAN_POINT('',(93.000185420371,11.500022860046,0.));
#1552 = DIRECTION('',(0.,0.,1.));
#1553 = DIRECTION('',(1.,1.110223024625E-16,-0.));
#1554 = CYLINDRICAL_SURFACE('',#1555,2.00000508001);
#1555 = AXIS2_PLACEMENT_3D('',#1556,#1557,#1558);
#1556 = CARTESIAN_POINT('',(93.000185420371,11.500022860046,0.));
#1557 = DIRECTION('',(-0.,-0.,-1.));
#1558 = DIRECTION('',(1.,1.110223024625E-16,-0.));
#1559 = ADVANCED_FACE('',(#1560),#1578,.F.);
#1560 = FACE_BOUND('',#1561,.T.);
#1561 = EDGE_LOOP('',(#1562,#1563,#1570,#1571));
#1562 = ORIENTED_EDGE('',*,*,#1540,.T.);
#1563 = ORIENTED_EDGE('',*,*,#1564,.T.);
#1564 = EDGE_CURVE('',#1532,#1524,#1565,.T.);
#1565 = CIRCLE('',#1566,2.00000508001);
#1566 = AXIS2_PLACEMENT_3D('',#1567,#1568,#1569);
#1567 = CARTESIAN_POINT('',(93.000185420371,11.500022860046,
    1.600050800102));
#1568 = DIRECTION('',(0.,0.,1.));
#1569 = DIRECTION('',(-1.,-1.110223024625E-16,0.));
#1570 = ORIENTED_EDGE('',*,*,#1521,.F.);
#1571 = ORIENTED_EDGE('',*,*,#1572,.F.);
#1572 = EDGE_CURVE('',#1541,#1522,#1573,.T.);
#1573 = CIRCLE('',#1574,2.00000508001);
#1574 = AXIS2_PLACEMENT_3D('',#1575,#1576,#1577);
#1575 = CARTESIAN_POINT('',(93.000185420371,11.500022860046,0.));
#1576 = DIRECTION('',(0.,0.,1.));
#1577 = DIRECTION('',(-1.,-1.110223024625E-16,0.));
#1578 = CYLINDRICAL_SURFACE('',#1579,2.00000508001);
#1579 = AXIS2_PLACEMENT_3D('',#1580,#1581,#1582);
#1580 = CARTESIAN_POINT('',(93.000185420371,11.500022860046,0.));
#1581 = DIRECTION('',(-0.,-0.,-1.));
#1582 = DIRECTION('',(-1.,-1.110223024625E-16,0.));
#1583 = ADVANCED_FACE('',(#1584),#1620,.F.);
#1584 = FACE_BOUND('',#1585,.T.);
#1585 = EDGE_LOOP('',(#1586,#1596,#1605,#1613));
#1586 = ORIENTED_EDGE('',*,*,#1587,.T.);
#1587 = EDGE_CURVE('',#1588,#1590,#1592,.T.);
#1588 = VERTEX_POINT('',#1589);
#1589 = CARTESIAN_POINT('',(94.300187960376,48.000096520193,0.));
#1590 = VERTEX_POINT('',#1591);
#1591 = CARTESIAN_POINT('',(94.300187960376,48.000096520193,
    1.600050800102));
#1592 = LINE('',#1593,#1594);
#1593 = CARTESIAN_POINT('',(94.300187960376,48.000096520193,0.));
#1594 = VECTOR('',#1595,1.);
#1595 = DIRECTION('',(0.,0.,1.));
#1596 = ORIENTED_EDGE('',*,*,#1597,.T.);
#1597 = EDGE_CURVE('',#1590,#1598,#1600,.T.);
#1598 = VERTEX_POINT('',#1599);
#1599 = CARTESIAN_POINT('',(92.100182880366,48.000096520193,
    1.600050800102));
#1600 = CIRCLE('',#1601,1.100002540005);
#1601 = AXIS2_PLACEMENT_3D('',#1602,#1603,#1604);
#1602 = CARTESIAN_POINT('',(93.200185420371,48.000096520193,
    1.600050800102));
#1603 = DIRECTION('',(0.,0.,1.));
#1604 = DIRECTION('',(1.,1.110223024625E-16,-0.));
#1605 = ORIENTED_EDGE('',*,*,#1606,.F.);
#1606 = EDGE_CURVE('',#1607,#1598,#1609,.T.);
#1607 = VERTEX_POINT('',#1608);
#1608 = CARTESIAN_POINT('',(92.100182880366,48.000096520193,0.));
#1609 = LINE('',#1610,#1611);
#1610 = CARTESIAN_POINT('',(92.100182880366,48.000096520193,0.));
#1611 = VECTOR('',#1612,1.);
#1612 = DIRECTION('',(0.,0.,1.));
#1613 = ORIENTED_EDGE('',*,*,#1614,.F.);
#1614 = EDGE_CURVE('',#1588,#1607,#1615,.T.);
#1615 = CIRCLE('',#1616,1.100002540005);
#1616 = AXIS2_PLACEMENT_3D('',#1617,#1618,#1619);
#1617 = CARTESIAN_POINT('',(93.200185420371,48.000096520193,0.));
#1618 = DIRECTION('',(0.,0.,1.));
#1619 = DIRECTION('',(1.,1.110223024625E-16,-0.));
#1620 = CYLINDRICAL_SURFACE('',#1621,1.100002540005);
#1621 = AXIS2_PLACEMENT_3D('',#1622,#1623,#1624);
#1622 = CARTESIAN_POINT('',(93.200185420371,48.000096520193,0.));
#1623 = DIRECTION('',(-0.,-0.,-1.));
#1624 = DIRECTION('',(1.,1.110223024625E-16,-0.));
#1625 = ADVANCED_FACE('',(#1626),#1644,.F.);
#1626 = FACE_BOUND('',#1627,.T.);
#1627 = EDGE_LOOP('',(#1628,#1629,#1636,#1637));
#1628 = ORIENTED_EDGE('',*,*,#1606,.T.);
#1629 = ORIENTED_EDGE('',*,*,#1630,.T.);
#1630 = EDGE_CURVE('',#1598,#1590,#1631,.T.);
#1631 = CIRCLE('',#1632,1.100002540005);
#1632 = AXIS2_PLACEMENT_3D('',#1633,#1634,#1635);
#1633 = CARTESIAN_POINT('',(93.200185420371,48.000096520193,
    1.600050800102));
#1634 = DIRECTION('',(0.,0.,1.));
#1635 = DIRECTION('',(-1.,-1.110223024625E-16,0.));
#1636 = ORIENTED_EDGE('',*,*,#1587,.F.);
#1637 = ORIENTED_EDGE('',*,*,#1638,.F.);
#1638 = EDGE_CURVE('',#1607,#1588,#1639,.T.);
#1639 = CIRCLE('',#1640,1.100002540005);
#1640 = AXIS2_PLACEMENT_3D('',#1641,#1642,#1643);
#1641 = CARTESIAN_POINT('',(93.200185420371,48.000096520193,0.));
#1642 = DIRECTION('',(0.,0.,1.));
#1643 = DIRECTION('',(-1.,-1.110223024625E-16,0.));
#1644 = CYLINDRICAL_SURFACE('',#1645,1.100002540005);
#1645 = AXIS2_PLACEMENT_3D('',#1646,#1647,#1648);
#1646 = CARTESIAN_POINT('',(93.200185420371,48.000096520193,0.));
#1647 = DIRECTION('',(-0.,-0.,-1.));
#1648 = DIRECTION('',(-1.,-1.110223024625E-16,0.));
#1649 = ADVANCED_FACE('',(#1650),#1686,.F.);
#1650 = FACE_BOUND('',#1651,.T.);
#1651 = EDGE_LOOP('',(#1652,#1662,#1671,#1679));
#1652 = ORIENTED_EDGE('',*,*,#1653,.T.);
#1653 = EDGE_CURVE('',#1654,#1656,#1658,.T.);
#1654 = VERTEX_POINT('',#1655);
#1655 = CARTESIAN_POINT('',(95.000190500381,77.50015494031,0.));
#1656 = VERTEX_POINT('',#1657);
#1657 = CARTESIAN_POINT('',(95.000190500381,77.50015494031,
    1.600050800102));
#1658 = LINE('',#1659,#1660);
#1659 = CARTESIAN_POINT('',(95.000190500381,77.50015494031,0.));
#1660 = VECTOR('',#1661,1.);
#1661 = DIRECTION('',(0.,0.,1.));
#1662 = ORIENTED_EDGE('',*,*,#1663,.T.);
#1663 = EDGE_CURVE('',#1656,#1664,#1666,.T.);
#1664 = VERTEX_POINT('',#1665);
#1665 = CARTESIAN_POINT('',(92.800185420371,77.50015494031,
    1.600050800102));
#1666 = CIRCLE('',#1667,1.100002540005);
#1667 = AXIS2_PLACEMENT_3D('',#1668,#1669,#1670);
#1668 = CARTESIAN_POINT('',(93.900187960376,77.50015494031,
    1.600050800102));
#1669 = DIRECTION('',(0.,0.,1.));
#1670 = DIRECTION('',(1.,1.110223024625E-16,-0.));
#1671 = ORIENTED_EDGE('',*,*,#1672,.F.);
#1672 = EDGE_CURVE('',#1673,#1664,#1675,.T.);
#1673 = VERTEX_POINT('',#1674);
#1674 = CARTESIAN_POINT('',(92.800185420371,77.50015494031,0.));
#1675 = LINE('',#1676,#1677);
#1676 = CARTESIAN_POINT('',(92.800185420371,77.50015494031,0.));
#1677 = VECTOR('',#1678,1.);
#1678 = DIRECTION('',(0.,0.,1.));
#1679 = ORIENTED_EDGE('',*,*,#1680,.F.);
#1680 = EDGE_CURVE('',#1654,#1673,#1681,.T.);
#1681 = CIRCLE('',#1682,1.100002540005);
#1682 = AXIS2_PLACEMENT_3D('',#1683,#1684,#1685);
#1683 = CARTESIAN_POINT('',(93.900187960376,77.50015494031,0.));
#1684 = DIRECTION('',(0.,0.,1.));
#1685 = DIRECTION('',(1.,1.110223024625E-16,-0.));
#1686 = CYLINDRICAL_SURFACE('',#1687,1.100002540005);
#1687 = AXIS2_PLACEMENT_3D('',#1688,#1689,#1690);
#1688 = CARTESIAN_POINT('',(93.900187960376,77.50015494031,0.));
#1689 = DIRECTION('',(-0.,-0.,-1.));
#1690 = DIRECTION('',(1.,1.110223024625E-16,-0.));
#1691 = ADVANCED_FACE('',(#1692),#1710,.F.);
#1692 = FACE_BOUND('',#1693,.T.);
#1693 = EDGE_LOOP('',(#1694,#1695,#1702,#1703));
#1694 = ORIENTED_EDGE('',*,*,#1672,.T.);
#1695 = ORIENTED_EDGE('',*,*,#1696,.T.);
#1696 = EDGE_CURVE('',#1664,#1656,#1697,.T.);
#1697 = CIRCLE('',#1698,1.100002540005);
#1698 = AXIS2_PLACEMENT_3D('',#1699,#1700,#1701);
#1699 = CARTESIAN_POINT('',(93.900187960376,77.50015494031,
    1.600050800102));
#1700 = DIRECTION('',(0.,0.,1.));
#1701 = DIRECTION('',(-1.,-1.110223024625E-16,0.));
#1702 = ORIENTED_EDGE('',*,*,#1653,.F.);
#1703 = ORIENTED_EDGE('',*,*,#1704,.F.);
#1704 = EDGE_CURVE('',#1673,#1654,#1705,.T.);
#1705 = CIRCLE('',#1706,1.100002540005);
#1706 = AXIS2_PLACEMENT_3D('',#1707,#1708,#1709);
#1707 = CARTESIAN_POINT('',(93.900187960376,77.50015494031,0.));
#1708 = DIRECTION('',(0.,0.,1.));
#1709 = DIRECTION('',(-1.,-1.110223024625E-16,0.));
#1710 = CYLINDRICAL_SURFACE('',#1711,1.100002540005);
#1711 = AXIS2_PLACEMENT_3D('',#1712,#1713,#1714);
#1712 = CARTESIAN_POINT('',(93.900187960376,77.50015494031,0.));
#1713 = DIRECTION('',(-0.,-0.,-1.));
#1714 = DIRECTION('',(-1.,-1.110223024625E-16,0.));
#1715 = ADVANCED_FACE('',(#1716),#1752,.F.);
#1716 = FACE_BOUND('',#1717,.T.);
#1717 = EDGE_LOOP('',(#1718,#1728,#1737,#1745));
#1718 = ORIENTED_EDGE('',*,*,#1719,.T.);
#1719 = EDGE_CURVE('',#1720,#1722,#1724,.T.);
#1720 = VERTEX_POINT('',#1721);
#1721 = CARTESIAN_POINT('',(95.000190500381,18.500038100076,0.));
#1722 = VERTEX_POINT('',#1723);
#1723 = CARTESIAN_POINT('',(95.000190500381,18.500038100076,
    1.600050800102));
#1724 = LINE('',#1725,#1726);
#1725 = CARTESIAN_POINT('',(95.000190500381,18.500038100076,0.));
#1726 = VECTOR('',#1727,1.);
#1727 = DIRECTION('',(0.,0.,1.));
#1728 = ORIENTED_EDGE('',*,*,#1729,.T.);
#1729 = EDGE_CURVE('',#1722,#1730,#1732,.T.);
#1730 = VERTEX_POINT('',#1731);
#1731 = CARTESIAN_POINT('',(92.800185420371,18.500038100076,
    1.600050800102));
#1732 = CIRCLE('',#1733,1.100002540005);
#1733 = AXIS2_PLACEMENT_3D('',#1734,#1735,#1736);
#1734 = CARTESIAN_POINT('',(93.900187960376,18.500038100076,
    1.600050800102));
#1735 = DIRECTION('',(0.,0.,1.));
#1736 = DIRECTION('',(1.,1.110223024625E-16,-0.));
#1737 = ORIENTED_EDGE('',*,*,#1738,.F.);
#1738 = EDGE_CURVE('',#1739,#1730,#1741,.T.);
#1739 = VERTEX_POINT('',#1740);
#1740 = CARTESIAN_POINT('',(92.800185420371,18.500038100076,0.));
#1741 = LINE('',#1742,#1743);
#1742 = CARTESIAN_POINT('',(92.800185420371,18.500038100076,0.));
#1743 = VECTOR('',#1744,1.);
#1744 = DIRECTION('',(0.,0.,1.));
#1745 = ORIENTED_EDGE('',*,*,#1746,.F.);
#1746 = EDGE_CURVE('',#1720,#1739,#1747,.T.);
#1747 = CIRCLE('',#1748,1.100002540005);
#1748 = AXIS2_PLACEMENT_3D('',#1749,#1750,#1751);
#1749 = CARTESIAN_POINT('',(93.900187960376,18.500038100076,0.));
#1750 = DIRECTION('',(0.,0.,1.));
#1751 = DIRECTION('',(1.,1.110223024625E-16,-0.));
#1752 = CYLINDRICAL_SURFACE('',#1753,1.100002540005);
#1753 = AXIS2_PLACEMENT_3D('',#1754,#1755,#1756);
#1754 = CARTESIAN_POINT('',(93.900187960376,18.500038100076,0.));
#1755 = DIRECTION('',(-0.,-0.,-1.));
#1756 = DIRECTION('',(1.,1.110223024625E-16,-0.));
#1757 = ADVANCED_FACE('',(#1758),#1776,.F.);
#1758 = FACE_BOUND('',#1759,.T.);
#1759 = EDGE_LOOP('',(#1760,#1761,#1768,#1769));
#1760 = ORIENTED_EDGE('',*,*,#1738,.T.);
#1761 = ORIENTED_EDGE('',*,*,#1762,.T.);
#1762 = EDGE_CURVE('',#1730,#1722,#1763,.T.);
#1763 = CIRCLE('',#1764,1.100002540005);
#1764 = AXIS2_PLACEMENT_3D('',#1765,#1766,#1767);
#1765 = CARTESIAN_POINT('',(93.900187960376,18.500038100076,
    1.600050800102));
#1766 = DIRECTION('',(0.,0.,1.));
#1767 = DIRECTION('',(-1.,-1.110223024625E-16,0.));
#1768 = ORIENTED_EDGE('',*,*,#1719,.F.);
#1769 = ORIENTED_EDGE('',*,*,#1770,.F.);
#1770 = EDGE_CURVE('',#1739,#1720,#1771,.T.);
#1771 = CIRCLE('',#1772,1.100002540005);
#1772 = AXIS2_PLACEMENT_3D('',#1773,#1774,#1775);
#1773 = CARTESIAN_POINT('',(93.900187960376,18.500038100076,0.));
#1774 = DIRECTION('',(0.,0.,1.));
#1775 = DIRECTION('',(-1.,-1.110223024625E-16,0.));
#1776 = CYLINDRICAL_SURFACE('',#1777,1.100002540005);
#1777 = AXIS2_PLACEMENT_3D('',#1778,#1779,#1780);
#1778 = CARTESIAN_POINT('',(93.900187960376,18.500038100076,0.));
#1779 = DIRECTION('',(-0.,-0.,-1.));
#1780 = DIRECTION('',(-1.,-1.110223024625E-16,0.));
#1781 = ADVANCED_FACE('',(#1782,#1800,#1804,#1808,#1812,#1816,#1820,
    #1824,#1828,#1832,#1836,#1840,#1844,#1848,#1852,#1856,#1860,#1864,
    #1868),#1872,.T.);
#1782 = FACE_BOUND('',#1783,.T.);
#1783 = EDGE_LOOP('',(#1784,#1785,#1786,#1787,#1788,#1789,#1790,#1791,
    #1792,#1793,#1794,#1795,#1796,#1797,#1798,#1799));
#1784 = ORIENTED_EDGE('',*,*,#119,.T.);
#1785 = ORIENTED_EDGE('',*,*,#151,.T.);
#1786 = ORIENTED_EDGE('',*,*,#183,.T.);
#1787 = ORIENTED_EDGE('',*,*,#214,.T.);
#1788 = ORIENTED_EDGE('',*,*,#245,.T.);
#1789 = ORIENTED_EDGE('',*,*,#277,.T.);
#1790 = ORIENTED_EDGE('',*,*,#309,.T.);
#1791 = ORIENTED_EDGE('',*,*,#340,.T.);
#1792 = ORIENTED_EDGE('',*,*,#371,.T.);
#1793 = ORIENTED_EDGE('',*,*,#403,.T.);
#1794 = ORIENTED_EDGE('',*,*,#435,.T.);
#1795 = ORIENTED_EDGE('',*,*,#466,.T.);
#1796 = ORIENTED_EDGE('',*,*,#497,.T.);
#1797 = ORIENTED_EDGE('',*,*,#529,.T.);
#1798 = ORIENTED_EDGE('',*,*,#561,.T.);
#1799 = ORIENTED_EDGE('',*,*,#583,.T.);
#1800 = FACE_BOUND('',#1801,.T.);
#1801 = EDGE_LOOP('',(#1802,#1803));
#1802 = ORIENTED_EDGE('',*,*,#624,.T.);
#1803 = ORIENTED_EDGE('',*,*,#648,.T.);
#1804 = FACE_BOUND('',#1805,.T.);
#1805 = EDGE_LOOP('',(#1806,#1807));
#1806 = ORIENTED_EDGE('',*,*,#690,.T.);
#1807 = ORIENTED_EDGE('',*,*,#714,.T.);
#1808 = FACE_BOUND('',#1809,.T.);
#1809 = EDGE_LOOP('',(#1810,#1811));
#1810 = ORIENTED_EDGE('',*,*,#756,.T.);
#1811 = ORIENTED_EDGE('',*,*,#780,.T.);
#1812 = FACE_BOUND('',#1813,.T.);
#1813 = EDGE_LOOP('',(#1814,#1815));
#1814 = ORIENTED_EDGE('',*,*,#822,.T.);
#1815 = ORIENTED_EDGE('',*,*,#846,.T.);
#1816 = FACE_BOUND('',#1817,.T.);
#1817 = EDGE_LOOP('',(#1818,#1819));
#1818 = ORIENTED_EDGE('',*,*,#888,.T.);
#1819 = ORIENTED_EDGE('',*,*,#912,.T.);
#1820 = FACE_BOUND('',#1821,.T.);
#1821 = EDGE_LOOP('',(#1822,#1823));
#1822 = ORIENTED_EDGE('',*,*,#954,.T.);
#1823 = ORIENTED_EDGE('',*,*,#978,.T.);
#1824 = FACE_BOUND('',#1825,.T.);
#1825 = EDGE_LOOP('',(#1826,#1827));
#1826 = ORIENTED_EDGE('',*,*,#1020,.T.);
#1827 = ORIENTED_EDGE('',*,*,#1044,.T.);
#1828 = FACE_BOUND('',#1829,.T.);
#1829 = EDGE_LOOP('',(#1830,#1831));
#1830 = ORIENTED_EDGE('',*,*,#1086,.T.);
#1831 = ORIENTED_EDGE('',*,*,#1110,.T.);
#1832 = FACE_BOUND('',#1833,.T.);
#1833 = EDGE_LOOP('',(#1834,#1835));
#1834 = ORIENTED_EDGE('',*,*,#1152,.T.);
#1835 = ORIENTED_EDGE('',*,*,#1176,.T.);
#1836 = FACE_BOUND('',#1837,.T.);
#1837 = EDGE_LOOP('',(#1838,#1839));
#1838 = ORIENTED_EDGE('',*,*,#1218,.T.);
#1839 = ORIENTED_EDGE('',*,*,#1242,.T.);
#1840 = FACE_BOUND('',#1841,.T.);
#1841 = EDGE_LOOP('',(#1842,#1843));
#1842 = ORIENTED_EDGE('',*,*,#1284,.T.);
#1843 = ORIENTED_EDGE('',*,*,#1308,.T.);
#1844 = FACE_BOUND('',#1845,.T.);
#1845 = EDGE_LOOP('',(#1846,#1847));
#1846 = ORIENTED_EDGE('',*,*,#1350,.T.);
#1847 = ORIENTED_EDGE('',*,*,#1374,.T.);
#1848 = FACE_BOUND('',#1849,.T.);
#1849 = EDGE_LOOP('',(#1850,#1851));
#1850 = ORIENTED_EDGE('',*,*,#1416,.T.);
#1851 = ORIENTED_EDGE('',*,*,#1440,.T.);
#1852 = FACE_BOUND('',#1853,.T.);
#1853 = EDGE_LOOP('',(#1854,#1855));
#1854 = ORIENTED_EDGE('',*,*,#1482,.T.);
#1855 = ORIENTED_EDGE('',*,*,#1506,.T.);
#1856 = FACE_BOUND('',#1857,.T.);
#1857 = EDGE_LOOP('',(#1858,#1859));
#1858 = ORIENTED_EDGE('',*,*,#1548,.T.);
#1859 = ORIENTED_EDGE('',*,*,#1572,.T.);
#1860 = FACE_BOUND('',#1861,.T.);
#1861 = EDGE_LOOP('',(#1862,#1863));
#1862 = ORIENTED_EDGE('',*,*,#1614,.T.);
#1863 = ORIENTED_EDGE('',*,*,#1638,.T.);
#1864 = FACE_BOUND('',#1865,.T.);
#1865 = EDGE_LOOP('',(#1866,#1867));
#1866 = ORIENTED_EDGE('',*,*,#1680,.T.);
#1867 = ORIENTED_EDGE('',*,*,#1704,.T.);
#1868 = FACE_BOUND('',#1869,.T.);
#1869 = EDGE_LOOP('',(#1870,#1871));
#1870 = ORIENTED_EDGE('',*,*,#1746,.T.);
#1871 = ORIENTED_EDGE('',*,*,#1770,.T.);
#1872 = PLANE('',#1873);
#1873 = AXIS2_PLACEMENT_3D('',#1874,#1875,#1876);
#1874 = CARTESIAN_POINT('',(47.994048950608,48.053429635875,0.));
#1875 = DIRECTION('',(-0.,-0.,-1.));
#1876 = DIRECTION('',(-1.,0.,0.));
#1877 = ADVANCED_FACE('',(#1878,#1896,#1900,#1904,#1908,#1912,#1916,
    #1920,#1924,#1928,#1932,#1936,#1940,#1944,#1948,#1952,#1956,#1960,
    #1964),#1968,.F.);
#1878 = FACE_BOUND('',#1879,.F.);
#1879 = EDGE_LOOP('',(#1880,#1881,#1882,#1883,#1884,#1885,#1886,#1887,
    #1888,#1889,#1890,#1891,#1892,#1893,#1894,#1895));
#1880 = ORIENTED_EDGE('',*,*,#103,.T.);
#1881 = ORIENTED_EDGE('',*,*,#134,.T.);
#1882 = ORIENTED_EDGE('',*,*,#167,.T.);
#1883 = ORIENTED_EDGE('',*,*,#198,.T.);
#1884 = ORIENTED_EDGE('',*,*,#229,.T.);
#1885 = ORIENTED_EDGE('',*,*,#260,.T.);
#1886 = ORIENTED_EDGE('',*,*,#293,.T.);
#1887 = ORIENTED_EDGE('',*,*,#324,.T.);
#1888 = ORIENTED_EDGE('',*,*,#355,.T.);
#1889 = ORIENTED_EDGE('',*,*,#386,.T.);
#1890 = ORIENTED_EDGE('',*,*,#419,.T.);
#1891 = ORIENTED_EDGE('',*,*,#450,.T.);
#1892 = ORIENTED_EDGE('',*,*,#481,.T.);
#1893 = ORIENTED_EDGE('',*,*,#512,.T.);
#1894 = ORIENTED_EDGE('',*,*,#545,.T.);
#1895 = ORIENTED_EDGE('',*,*,#576,.T.);
#1896 = FACE_BOUND('',#1897,.F.);
#1897 = EDGE_LOOP('',(#1898,#1899));
#1898 = ORIENTED_EDGE('',*,*,#607,.T.);
#1899 = ORIENTED_EDGE('',*,*,#640,.T.);
#1900 = FACE_BOUND('',#1901,.F.);
#1901 = EDGE_LOOP('',(#1902,#1903));
#1902 = ORIENTED_EDGE('',*,*,#673,.T.);
#1903 = ORIENTED_EDGE('',*,*,#706,.T.);
#1904 = FACE_BOUND('',#1905,.F.);
#1905 = EDGE_LOOP('',(#1906,#1907));
#1906 = ORIENTED_EDGE('',*,*,#739,.T.);
#1907 = ORIENTED_EDGE('',*,*,#772,.T.);
#1908 = FACE_BOUND('',#1909,.F.);
#1909 = EDGE_LOOP('',(#1910,#1911));
#1910 = ORIENTED_EDGE('',*,*,#805,.T.);
#1911 = ORIENTED_EDGE('',*,*,#838,.T.);
#1912 = FACE_BOUND('',#1913,.F.);
#1913 = EDGE_LOOP('',(#1914,#1915));
#1914 = ORIENTED_EDGE('',*,*,#871,.T.);
#1915 = ORIENTED_EDGE('',*,*,#904,.T.);
#1916 = FACE_BOUND('',#1917,.F.);
#1917 = EDGE_LOOP('',(#1918,#1919));
#1918 = ORIENTED_EDGE('',*,*,#937,.T.);
#1919 = ORIENTED_EDGE('',*,*,#970,.T.);
#1920 = FACE_BOUND('',#1921,.F.);
#1921 = EDGE_LOOP('',(#1922,#1923));
#1922 = ORIENTED_EDGE('',*,*,#1003,.T.);
#1923 = ORIENTED_EDGE('',*,*,#1036,.T.);
#1924 = FACE_BOUND('',#1925,.F.);
#1925 = EDGE_LOOP('',(#1926,#1927));
#1926 = ORIENTED_EDGE('',*,*,#1069,.T.);
#1927 = ORIENTED_EDGE('',*,*,#1102,.T.);
#1928 = FACE_BOUND('',#1929,.F.);
#1929 = EDGE_LOOP('',(#1930,#1931));
#1930 = ORIENTED_EDGE('',*,*,#1135,.T.);
#1931 = ORIENTED_EDGE('',*,*,#1168,.T.);
#1932 = FACE_BOUND('',#1933,.F.);
#1933 = EDGE_LOOP('',(#1934,#1935));
#1934 = ORIENTED_EDGE('',*,*,#1201,.T.);
#1935 = ORIENTED_EDGE('',*,*,#1234,.T.);
#1936 = FACE_BOUND('',#1937,.F.);
#1937 = EDGE_LOOP('',(#1938,#1939));
#1938 = ORIENTED_EDGE('',*,*,#1267,.T.);
#1939 = ORIENTED_EDGE('',*,*,#1300,.T.);
#1940 = FACE_BOUND('',#1941,.F.);
#1941 = EDGE_LOOP('',(#1942,#1943));
#1942 = ORIENTED_EDGE('',*,*,#1333,.T.);
#1943 = ORIENTED_EDGE('',*,*,#1366,.T.);
#1944 = FACE_BOUND('',#1945,.F.);
#1945 = EDGE_LOOP('',(#1946,#1947));
#1946 = ORIENTED_EDGE('',*,*,#1399,.T.);
#1947 = ORIENTED_EDGE('',*,*,#1432,.T.);
#1948 = FACE_BOUND('',#1949,.F.);
#1949 = EDGE_LOOP('',(#1950,#1951));
#1950 = ORIENTED_EDGE('',*,*,#1465,.T.);
#1951 = ORIENTED_EDGE('',*,*,#1498,.T.);
#1952 = FACE_BOUND('',#1953,.F.);
#1953 = EDGE_LOOP('',(#1954,#1955));
#1954 = ORIENTED_EDGE('',*,*,#1531,.T.);
#1955 = ORIENTED_EDGE('',*,*,#1564,.T.);
#1956 = FACE_BOUND('',#1957,.F.);
#1957 = EDGE_LOOP('',(#1958,#1959));
#1958 = ORIENTED_EDGE('',*,*,#1597,.T.);
#1959 = ORIENTED_EDGE('',*,*,#1630,.T.);
#1960 = FACE_BOUND('',#1961,.F.);
#1961 = EDGE_LOOP('',(#1962,#1963));
#1962 = ORIENTED_EDGE('',*,*,#1663,.T.);
#1963 = ORIENTED_EDGE('',*,*,#1696,.T.);
#1964 = FACE_BOUND('',#1965,.F.);
#1965 = EDGE_LOOP('',(#1966,#1967));
#1966 = ORIENTED_EDGE('',*,*,#1729,.T.);
#1967 = ORIENTED_EDGE('',*,*,#1762,.T.);
#1968 = PLANE('',#1969);
#1969 = AXIS2_PLACEMENT_3D('',#1970,#1971,#1972);
#1970 = CARTESIAN_POINT('',(47.994048950608,48.053429635875,
    1.600050800102));
#1971 = DIRECTION('',(-0.,-0.,-1.));
#1972 = DIRECTION('',(-1.,0.,0.));
#1973 = ( GEOMETRIC_REPRESENTATION_CONTEXT(3) 
GLOBAL_UNCERTAINTY_ASSIGNED_CONTEXT((#1977)) 
GLOBAL_UNIT_ASSIGNED_CONTEXT((#1974,#1975,#1976)) REPRESENTATION_CONTEXT
('Context #1','3D Context with UNIT and UNCERTAINTY') );
#1974 = ( LENGTH_UNIT() NAMED_UNIT(*) SI_UNIT(.MILLI.,.METRE.) );
#1975 = ( NAMED_UNIT(*) PLANE_ANGLE_UNIT() SI_UNIT($,.RADIAN.) );
#1976 = ( NAMED_UNIT(*) SI_UNIT($,.STERADIAN.) SOLID_ANGLE_UNIT() );
#1977 = UNCERTAINTY_MEASURE_WITH_UNIT(LENGTH_MEASURE(1.E-07),#1974,
  'distance_accuracy_value','confusion accuracy');
#1978 = CONTEXT_DEPENDENT_SHAPE_REPRESENTATION(#1979,#1981);
#1979 = ( REPRESENTATION_RELATIONSHIP('','',#86,#10) 
REPRESENTATION_RELATIONSHIP_WITH_TRANSFORMATION(#1980) 
SHAPE_REPRESENTATION_RELATIONSHIP() );
#1980 = ITEM_DEFINED_TRANSFORMATION('','',#11,#23);
#1981 = PRODUCT_DEFINITION_SHAPE('Placement','Placement of an item',
  #1982);
#1982 = NEXT_ASSEMBLY_USAGE_OCCURRENCE('3','=>[0:1:1:4]','',#5,#81,$);
#1983 = PRODUCT_RELATED_PRODUCT_CATEGORY('part',$,(#83));
#1984 = SHAPE_DEFINITION_REPRESENTATION(#1985,#1991);
#1985 = PRODUCT_DEFINITION_SHAPE('','',#1986);
#1986 = PRODUCT_DEFINITION('design','',#1987,#1990);
#1987 = PRODUCT_DEFINITION_FORMATION('','',#1988);
#1988 = PRODUCT('kMOr-Top FPC Stiffener','kMOr-Top FPC Stiffener','',(
    #1989));
#1989 = PRODUCT_CONTEXT('',#2,'mechanical');
#1990 = PRODUCT_DEFINITION_CONTEXT('part definition',#2,'design');
#1991 = SHAPE_REPRESENTATION('',(#11),#1992);
#1992 = ( GEOMETRIC_REPRESENTATION_CONTEXT(3) 
GLOBAL_UNCERTAINTY_ASSIGNED_CONTEXT((#1996)) 
GLOBAL_UNIT_ASSIGNED_CONTEXT((#1993,#1994,#1995)) REPRESENTATION_CONTEXT
('Context #1','3D Context with UNIT and UNCERTAINTY') );
#1993 = ( LENGTH_UNIT() NAMED_UNIT(*) SI_UNIT(.MILLI.,.METRE.) );
#1994 = ( NAMED_UNIT(*) PLANE_ANGLE_UNIT() SI_UNIT($,.RADIAN.) );
#1995 = ( NAMED_UNIT(*) SI_UNIT($,.STERADIAN.) SOLID_ANGLE_UNIT() );
#1996 = UNCERTAINTY_MEASURE_WITH_UNIT(LENGTH_MEASURE(1.E-07),#1993,
  'distance_accuracy_value','confusion accuracy');
#1997 = CONTEXT_DEPENDENT_SHAPE_REPRESENTATION(#1998,#2000);
#1998 = ( REPRESENTATION_RELATIONSHIP('','',#1991,#10) 
REPRESENTATION_RELATIONSHIP_WITH_TRANSFORMATION(#1999) 
SHAPE_REPRESENTATION_RELATIONSHIP() );
#1999 = ITEM_DEFINED_TRANSFORMATION('','',#11,#27);
#2000 = PRODUCT_DEFINITION_SHAPE('Placement','Placement of an item',
  #2001);
#2001 = NEXT_ASSEMBLY_USAGE_OCCURRENCE('4','=>[0:1:1:5]','',#5,#1986,$);
#2002 = PRODUCT_RELATED_PRODUCT_CATEGORY('part',$,(#1988));
#2003 = SHAPE_DEFINITION_REPRESENTATION(#2004,#2010);
#2004 = PRODUCT_DEFINITION_SHAPE('','',#2005);
#2005 = PRODUCT_DEFINITION('design','',#2006,#2009);
#2006 = PRODUCT_DEFINITION_FORMATION('','',#2007);
#2007 = PRODUCT('kMOr-Bot FPC Stiffener','kMOr-Bot FPC Stiffener','',(
    #2008));
#2008 = PRODUCT_CONTEXT('',#2,'mechanical');
#2009 = PRODUCT_DEFINITION_CONTEXT('part definition',#2,'design');
#2010 = SHAPE_REPRESENTATION('',(#11),#2011);
#2011 = ( GEOMETRIC_REPRESENTATION_CONTEXT(3) 
GLOBAL_UNCERTAINTY_ASSIGNED_CONTEXT((#2015)) 
GLOBAL_UNIT_ASSIGNED_CONTEXT((#2012,#2013,#2014)) REPRESENTATION_CONTEXT
('Context #1','3D Context with UNIT and UNCERTAINTY') );
#2012 = ( LENGTH_UNIT() NAMED_UNIT(*) SI_UNIT(.MILLI.,.METRE.) );
#2013 = ( NAMED_UNIT(*) PLANE_ANGLE_UNIT() SI_UNIT($,.RADIAN.) );
#2014 = ( NAMED_UNIT(*) SI_UNIT($,.STERADIAN.) SOLID_ANGLE_UNIT() );
#2015 = UNCERTAINTY_MEASURE_WITH_UNIT(LENGTH_MEASURE(1.E-07),#2012,
  'distance_accuracy_value','confusion accuracy');
#2016 = CONTEXT_DEPENDENT_SHAPE_REPRESENTATION(#2017,#2019);
#2017 = ( REPRESENTATION_RELATIONSHIP('','',#2010,#10) 
REPRESENTATION_RELATIONSHIP_WITH_TRANSFORMATION(#2018) 
SHAPE_REPRESENTATION_RELATIONSHIP() );
#2018 = ITEM_DEFINED_TRANSFORMATION('','',#11,#31);
#2019 = PRODUCT_DEFINITION_SHAPE('Placement','Placement of an item',
  #2020);
#2020 = NEXT_ASSEMBLY_USAGE_OCCURRENCE('5','=>[0:1:1:6]','',#5,#2005,$);
#2021 = PRODUCT_RELATED_PRODUCT_CATEGORY('part',$,(#2007));
#2022 = MECHANICAL_DESIGN_GEOMETRIC_PRESENTATION_REPRESENTATION('',(
    #2023,#2033,#2041,#2048,#2055,#2062,#2069,#2076,#2083,#2090,#2097,
    #2104,#2111,#2118,#2125,#2132,#2139,#2146,#2153,#2160,#2167,#2174,
    #2181,#2188,#2195,#2202,#2209,#2216,#2223,#2230,#2237,#2244,#2251,
    #2258,#2265,#2272,#2279,#2286,#2293,#2300,#2307,#2314,#2321,#2328,
    #2335,#2342,#2349,#2356,#2363,#2370,#2377,#2384,#2391),#1973);
#2023 = STYLED_ITEM('color',(#2024),#87);
#2024 = PRESENTATION_STYLE_ASSIGNMENT((#2025,#2031));
#2025 = SURFACE_STYLE_USAGE(.BOTH.,#2026);
#2026 = SURFACE_SIDE_STYLE('',(#2027));
#2027 = SURFACE_STYLE_FILL_AREA(#2028);
#2028 = FILL_AREA_STYLE('',(#2029));
#2029 = FILL_AREA_STYLE_COLOUR('',#2030);
#2030 = COLOUR_RGB('',0.,0.377508427907,0.578582128266);
#2031 = CURVE_STYLE('',#2032,POSITIVE_LENGTH_MEASURE(0.1),#2030);
#2032 = DRAUGHTING_PRE_DEFINED_CURVE_FONT('continuous');
#2033 = OVER_RIDING_STYLED_ITEM('overriding color',(#2034),#89,#2023);
#2034 = PRESENTATION_STYLE_ASSIGNMENT((#2035));
#2035 = SURFACE_STYLE_USAGE(.BOTH.,#2036);
#2036 = SURFACE_SIDE_STYLE('',(#2037));
#2037 = SURFACE_STYLE_FILL_AREA(#2038);
#2038 = FILL_AREA_STYLE('',(#2039));
#2039 = FILL_AREA_STYLE_COLOUR('',#2040);
#2040 = COLOUR_RGB('',0.937179583391,0.9357410338,0.649182888601);
#2041 = OVER_RIDING_STYLED_ITEM('overriding color',(#2042),#129,#2023);
#2042 = PRESENTATION_STYLE_ASSIGNMENT((#2043));
#2043 = SURFACE_STYLE_USAGE(.BOTH.,#2044);
#2044 = SURFACE_SIDE_STYLE('',(#2045));
#2045 = SURFACE_STYLE_FILL_AREA(#2046);
#2046 = FILL_AREA_STYLE('',(#2047));
#2047 = FILL_AREA_STYLE_COLOUR('',#2040);
#2048 = OVER_RIDING_STYLED_ITEM('overriding color',(#2049),#162,#2023);
#2049 = PRESENTATION_STYLE_ASSIGNMENT((#2050));
#2050 = SURFACE_STYLE_USAGE(.BOTH.,#2051);
#2051 = SURFACE_SIDE_STYLE('',(#2052));
#2052 = SURFACE_STYLE_FILL_AREA(#2053);
#2053 = FILL_AREA_STYLE('',(#2054));
#2054 = FILL_AREA_STYLE_COLOUR('',#2040);
#2055 = OVER_RIDING_STYLED_ITEM('overriding color',(#2056),#193,#2023);
#2056 = PRESENTATION_STYLE_ASSIGNMENT((#2057));
#2057 = SURFACE_STYLE_USAGE(.BOTH.,#2058);
#2058 = SURFACE_SIDE_STYLE('',(#2059));
#2059 = SURFACE_STYLE_FILL_AREA(#2060);
#2060 = FILL_AREA_STYLE('',(#2061));
#2061 = FILL_AREA_STYLE_COLOUR('',#2040);
#2062 = OVER_RIDING_STYLED_ITEM('overriding color',(#2063),#224,#2023);
#2063 = PRESENTATION_STYLE_ASSIGNMENT((#2064));
#2064 = SURFACE_STYLE_USAGE(.BOTH.,#2065);
#2065 = SURFACE_SIDE_STYLE('',(#2066));
#2066 = SURFACE_STYLE_FILL_AREA(#2067);
#2067 = FILL_AREA_STYLE('',(#2068));
#2068 = FILL_AREA_STYLE_COLOUR('',#2040);
#2069 = OVER_RIDING_STYLED_ITEM('overriding color',(#2070),#255,#2023);
#2070 = PRESENTATION_STYLE_ASSIGNMENT((#2071));
#2071 = SURFACE_STYLE_USAGE(.BOTH.,#2072);
#2072 = SURFACE_SIDE_STYLE('',(#2073));
#2073 = SURFACE_STYLE_FILL_AREA(#2074);
#2074 = FILL_AREA_STYLE('',(#2075));
#2075 = FILL_AREA_STYLE_COLOUR('',#2040);
#2076 = OVER_RIDING_STYLED_ITEM('overriding color',(#2077),#288,#2023);
#2077 = PRESENTATION_STYLE_ASSIGNMENT((#2078));
#2078 = SURFACE_STYLE_USAGE(.BOTH.,#2079);
#2079 = SURFACE_SIDE_STYLE('',(#2080));
#2080 = SURFACE_STYLE_FILL_AREA(#2081);
#2081 = FILL_AREA_STYLE('',(#2082));
#2082 = FILL_AREA_STYLE_COLOUR('',#2040);
#2083 = OVER_RIDING_STYLED_ITEM('overriding color',(#2084),#319,#2023);
#2084 = PRESENTATION_STYLE_ASSIGNMENT((#2085));
#2085 = SURFACE_STYLE_USAGE(.BOTH.,#2086);
#2086 = SURFACE_SIDE_STYLE('',(#2087));
#2087 = SURFACE_STYLE_FILL_AREA(#2088);
#2088 = FILL_AREA_STYLE('',(#2089));
#2089 = FILL_AREA_STYLE_COLOUR('',#2040);
#2090 = OVER_RIDING_STYLED_ITEM('overriding color',(#2091),#350,#2023);
#2091 = PRESENTATION_STYLE_ASSIGNMENT((#2092));
#2092 = SURFACE_STYLE_USAGE(.BOTH.,#2093);
#2093 = SURFACE_SIDE_STYLE('',(#2094));
#2094 = SURFACE_STYLE_FILL_AREA(#2095);
#2095 = FILL_AREA_STYLE('',(#2096));
#2096 = FILL_AREA_STYLE_COLOUR('',#2040);
#2097 = OVER_RIDING_STYLED_ITEM('overriding color',(#2098),#381,#2023);
#2098 = PRESENTATION_STYLE_ASSIGNMENT((#2099));
#2099 = SURFACE_STYLE_USAGE(.BOTH.,#2100);
#2100 = SURFACE_SIDE_STYLE('',(#2101));
#2101 = SURFACE_STYLE_FILL_AREA(#2102);
#2102 = FILL_AREA_STYLE('',(#2103));
#2103 = FILL_AREA_STYLE_COLOUR('',#2040);
#2104 = OVER_RIDING_STYLED_ITEM('overriding color',(#2105),#414,#2023);
#2105 = PRESENTATION_STYLE_ASSIGNMENT((#2106));
#2106 = SURFACE_STYLE_USAGE(.BOTH.,#2107);
#2107 = SURFACE_SIDE_STYLE('',(#2108));
#2108 = SURFACE_STYLE_FILL_AREA(#2109);
#2109 = FILL_AREA_STYLE('',(#2110));
#2110 = FILL_AREA_STYLE_COLOUR('',#2040);
#2111 = OVER_RIDING_STYLED_ITEM('overriding color',(#2112),#445,#2023);
#2112 = PRESENTATION_STYLE_ASSIGNMENT((#2113));
#2113 = SURFACE_STYLE_USAGE(.BOTH.,#2114);
#2114 = SURFACE_SIDE_STYLE('',(#2115));
#2115 = SURFACE_STYLE_FILL_AREA(#2116);
#2116 = FILL_AREA_STYLE('',(#2117));
#2117 = FILL_AREA_STYLE_COLOUR('',#2040);
#2118 = OVER_RIDING_STYLED_ITEM('overriding color',(#2119),#476,#2023);
#2119 = PRESENTATION_STYLE_ASSIGNMENT((#2120));
#2120 = SURFACE_STYLE_USAGE(.BOTH.,#2121);
#2121 = SURFACE_SIDE_STYLE('',(#2122));
#2122 = SURFACE_STYLE_FILL_AREA(#2123);
#2123 = FILL_AREA_STYLE('',(#2124));
#2124 = FILL_AREA_STYLE_COLOUR('',#2040);
#2125 = OVER_RIDING_STYLED_ITEM('overriding color',(#2126),#507,#2023);
#2126 = PRESENTATION_STYLE_ASSIGNMENT((#2127));
#2127 = SURFACE_STYLE_USAGE(.BOTH.,#2128);
#2128 = SURFACE_SIDE_STYLE('',(#2129));
#2129 = SURFACE_STYLE_FILL_AREA(#2130);
#2130 = FILL_AREA_STYLE('',(#2131));
#2131 = FILL_AREA_STYLE_COLOUR('',#2040);
#2132 = OVER_RIDING_STYLED_ITEM('overriding color',(#2133),#540,#2023);
#2133 = PRESENTATION_STYLE_ASSIGNMENT((#2134));
#2134 = SURFACE_STYLE_USAGE(.BOTH.,#2135);
#2135 = SURFACE_SIDE_STYLE('',(#2136));
#2136 = SURFACE_STYLE_FILL_AREA(#2137);
#2137 = FILL_AREA_STYLE('',(#2138));
#2138 = FILL_AREA_STYLE_COLOUR('',#2040);
#2139 = OVER_RIDING_STYLED_ITEM('overriding color',(#2140),#571,#2023);
#2140 = PRESENTATION_STYLE_ASSIGNMENT((#2141));
#2141 = SURFACE_STYLE_USAGE(.BOTH.,#2142);
#2142 = SURFACE_SIDE_STYLE('',(#2143));
#2143 = SURFACE_STYLE_FILL_AREA(#2144);
#2144 = FILL_AREA_STYLE('',(#2145));
#2145 = FILL_AREA_STYLE_COLOUR('',#2040);
#2146 = OVER_RIDING_STYLED_ITEM('overriding color',(#2147),#593,#2023);
#2147 = PRESENTATION_STYLE_ASSIGNMENT((#2148));
#2148 = SURFACE_STYLE_USAGE(.BOTH.,#2149);
#2149 = SURFACE_SIDE_STYLE('',(#2150));
#2150 = SURFACE_STYLE_FILL_AREA(#2151);
#2151 = FILL_AREA_STYLE('',(#2152));
#2152 = FILL_AREA_STYLE_COLOUR('',#2040);
#2153 = OVER_RIDING_STYLED_ITEM('overriding color',(#2154),#635,#2023);
#2154 = PRESENTATION_STYLE_ASSIGNMENT((#2155));
#2155 = SURFACE_STYLE_USAGE(.BOTH.,#2156);
#2156 = SURFACE_SIDE_STYLE('',(#2157));
#2157 = SURFACE_STYLE_FILL_AREA(#2158);
#2158 = FILL_AREA_STYLE('',(#2159));
#2159 = FILL_AREA_STYLE_COLOUR('',#2040);
#2160 = OVER_RIDING_STYLED_ITEM('overriding color',(#2161),#659,#2023);
#2161 = PRESENTATION_STYLE_ASSIGNMENT((#2162));
#2162 = SURFACE_STYLE_USAGE(.BOTH.,#2163);
#2163 = SURFACE_SIDE_STYLE('',(#2164));
#2164 = SURFACE_STYLE_FILL_AREA(#2165);
#2165 = FILL_AREA_STYLE('',(#2166));
#2166 = FILL_AREA_STYLE_COLOUR('',#2040);
#2167 = OVER_RIDING_STYLED_ITEM('overriding color',(#2168),#701,#2023);
#2168 = PRESENTATION_STYLE_ASSIGNMENT((#2169));
#2169 = SURFACE_STYLE_USAGE(.BOTH.,#2170);
#2170 = SURFACE_SIDE_STYLE('',(#2171));
#2171 = SURFACE_STYLE_FILL_AREA(#2172);
#2172 = FILL_AREA_STYLE('',(#2173));
#2173 = FILL_AREA_STYLE_COLOUR('',#2040);
#2174 = OVER_RIDING_STYLED_ITEM('overriding color',(#2175),#725,#2023);
#2175 = PRESENTATION_STYLE_ASSIGNMENT((#2176));
#2176 = SURFACE_STYLE_USAGE(.BOTH.,#2177);
#2177 = SURFACE_SIDE_STYLE('',(#2178));
#2178 = SURFACE_STYLE_FILL_AREA(#2179);
#2179 = FILL_AREA_STYLE('',(#2180));
#2180 = FILL_AREA_STYLE_COLOUR('',#2040);
#2181 = OVER_RIDING_STYLED_ITEM('overriding color',(#2182),#767,#2023);
#2182 = PRESENTATION_STYLE_ASSIGNMENT((#2183));
#2183 = SURFACE_STYLE_USAGE(.BOTH.,#2184);
#2184 = SURFACE_SIDE_STYLE('',(#2185));
#2185 = SURFACE_STYLE_FILL_AREA(#2186);
#2186 = FILL_AREA_STYLE('',(#2187));
#2187 = FILL_AREA_STYLE_COLOUR('',#2040);
#2188 = OVER_RIDING_STYLED_ITEM('overriding color',(#2189),#791,#2023);
#2189 = PRESENTATION_STYLE_ASSIGNMENT((#2190));
#2190 = SURFACE_STYLE_USAGE(.BOTH.,#2191);
#2191 = SURFACE_SIDE_STYLE('',(#2192));
#2192 = SURFACE_STYLE_FILL_AREA(#2193);
#2193 = FILL_AREA_STYLE('',(#2194));
#2194 = FILL_AREA_STYLE_COLOUR('',#2040);
#2195 = OVER_RIDING_STYLED_ITEM('overriding color',(#2196),#833,#2023);
#2196 = PRESENTATION_STYLE_ASSIGNMENT((#2197));
#2197 = SURFACE_STYLE_USAGE(.BOTH.,#2198);
#2198 = SURFACE_SIDE_STYLE('',(#2199));
#2199 = SURFACE_STYLE_FILL_AREA(#2200);
#2200 = FILL_AREA_STYLE('',(#2201));
#2201 = FILL_AREA_STYLE_COLOUR('',#2040);
#2202 = OVER_RIDING_STYLED_ITEM('overriding color',(#2203),#857,#2023);
#2203 = PRESENTATION_STYLE_ASSIGNMENT((#2204));
#2204 = SURFACE_STYLE_USAGE(.BOTH.,#2205);
#2205 = SURFACE_SIDE_STYLE('',(#2206));
#2206 = SURFACE_STYLE_FILL_AREA(#2207);
#2207 = FILL_AREA_STYLE('',(#2208));
#2208 = FILL_AREA_STYLE_COLOUR('',#2040);
#2209 = OVER_RIDING_STYLED_ITEM('overriding color',(#2210),#899,#2023);
#2210 = PRESENTATION_STYLE_ASSIGNMENT((#2211));
#2211 = SURFACE_STYLE_USAGE(.BOTH.,#2212);
#2212 = SURFACE_SIDE_STYLE('',(#2213));
#2213 = SURFACE_STYLE_FILL_AREA(#2214);
#2214 = FILL_AREA_STYLE('',(#2215));
#2215 = FILL_AREA_STYLE_COLOUR('',#2040);
#2216 = OVER_RIDING_STYLED_ITEM('overriding color',(#2217),#923,#2023);
#2217 = PRESENTATION_STYLE_ASSIGNMENT((#2218));
#2218 = SURFACE_STYLE_USAGE(.BOTH.,#2219);
#2219 = SURFACE_SIDE_STYLE('',(#2220));
#2220 = SURFACE_STYLE_FILL_AREA(#2221);
#2221 = FILL_AREA_STYLE('',(#2222));
#2222 = FILL_AREA_STYLE_COLOUR('',#2040);
#2223 = OVER_RIDING_STYLED_ITEM('overriding color',(#2224),#965,#2023);
#2224 = PRESENTATION_STYLE_ASSIGNMENT((#2225));
#2225 = SURFACE_STYLE_USAGE(.BOTH.,#2226);
#2226 = SURFACE_SIDE_STYLE('',(#2227));
#2227 = SURFACE_STYLE_FILL_AREA(#2228);
#2228 = FILL_AREA_STYLE('',(#2229));
#2229 = FILL_AREA_STYLE_COLOUR('',#2040);
#2230 = OVER_RIDING_STYLED_ITEM('overriding color',(#2231),#989,#2023);
#2231 = PRESENTATION_STYLE_ASSIGNMENT((#2232));
#2232 = SURFACE_STYLE_USAGE(.BOTH.,#2233);
#2233 = SURFACE_SIDE_STYLE('',(#2234));
#2234 = SURFACE_STYLE_FILL_AREA(#2235);
#2235 = FILL_AREA_STYLE('',(#2236));
#2236 = FILL_AREA_STYLE_COLOUR('',#2040);
#2237 = OVER_RIDING_STYLED_ITEM('overriding color',(#2238),#1031,#2023);
#2238 = PRESENTATION_STYLE_ASSIGNMENT((#2239));
#2239 = SURFACE_STYLE_USAGE(.BOTH.,#2240);
#2240 = SURFACE_SIDE_STYLE('',(#2241));
#2241 = SURFACE_STYLE_FILL_AREA(#2242);
#2242 = FILL_AREA_STYLE('',(#2243));
#2243 = FILL_AREA_STYLE_COLOUR('',#2040);
#2244 = OVER_RIDING_STYLED_ITEM('overriding color',(#2245),#1055,#2023);
#2245 = PRESENTATION_STYLE_ASSIGNMENT((#2246));
#2246 = SURFACE_STYLE_USAGE(.BOTH.,#2247);
#2247 = SURFACE_SIDE_STYLE('',(#2248));
#2248 = SURFACE_STYLE_FILL_AREA(#2249);
#2249 = FILL_AREA_STYLE('',(#2250));
#2250 = FILL_AREA_STYLE_COLOUR('',#2040);
#2251 = OVER_RIDING_STYLED_ITEM('overriding color',(#2252),#1097,#2023);
#2252 = PRESENTATION_STYLE_ASSIGNMENT((#2253));
#2253 = SURFACE_STYLE_USAGE(.BOTH.,#2254);
#2254 = SURFACE_SIDE_STYLE('',(#2255));
#2255 = SURFACE_STYLE_FILL_AREA(#2256);
#2256 = FILL_AREA_STYLE('',(#2257));
#2257 = FILL_AREA_STYLE_COLOUR('',#2040);
#2258 = OVER_RIDING_STYLED_ITEM('overriding color',(#2259),#1121,#2023);
#2259 = PRESENTATION_STYLE_ASSIGNMENT((#2260));
#2260 = SURFACE_STYLE_USAGE(.BOTH.,#2261);
#2261 = SURFACE_SIDE_STYLE('',(#2262));
#2262 = SURFACE_STYLE_FILL_AREA(#2263);
#2263 = FILL_AREA_STYLE('',(#2264));
#2264 = FILL_AREA_STYLE_COLOUR('',#2040);
#2265 = OVER_RIDING_STYLED_ITEM('overriding color',(#2266),#1163,#2023);
#2266 = PRESENTATION_STYLE_ASSIGNMENT((#2267));
#2267 = SURFACE_STYLE_USAGE(.BOTH.,#2268);
#2268 = SURFACE_SIDE_STYLE('',(#2269));
#2269 = SURFACE_STYLE_FILL_AREA(#2270);
#2270 = FILL_AREA_STYLE('',(#2271));
#2271 = FILL_AREA_STYLE_COLOUR('',#2040);
#2272 = OVER_RIDING_STYLED_ITEM('overriding color',(#2273),#1187,#2023);
#2273 = PRESENTATION_STYLE_ASSIGNMENT((#2274));
#2274 = SURFACE_STYLE_USAGE(.BOTH.,#2275);
#2275 = SURFACE_SIDE_STYLE('',(#2276));
#2276 = SURFACE_STYLE_FILL_AREA(#2277);
#2277 = FILL_AREA_STYLE('',(#2278));
#2278 = FILL_AREA_STYLE_COLOUR('',#2040);
#2279 = OVER_RIDING_STYLED_ITEM('overriding color',(#2280),#1229,#2023);
#2280 = PRESENTATION_STYLE_ASSIGNMENT((#2281));
#2281 = SURFACE_STYLE_USAGE(.BOTH.,#2282);
#2282 = SURFACE_SIDE_STYLE('',(#2283));
#2283 = SURFACE_STYLE_FILL_AREA(#2284);
#2284 = FILL_AREA_STYLE('',(#2285));
#2285 = FILL_AREA_STYLE_COLOUR('',#2040);
#2286 = OVER_RIDING_STYLED_ITEM('overriding color',(#2287),#1253,#2023);
#2287 = PRESENTATION_STYLE_ASSIGNMENT((#2288));
#2288 = SURFACE_STYLE_USAGE(.BOTH.,#2289);
#2289 = SURFACE_SIDE_STYLE('',(#2290));
#2290 = SURFACE_STYLE_FILL_AREA(#2291);
#2291 = FILL_AREA_STYLE('',(#2292));
#2292 = FILL_AREA_STYLE_COLOUR('',#2040);
#2293 = OVER_RIDING_STYLED_ITEM('overriding color',(#2294),#1295,#2023);
#2294 = PRESENTATION_STYLE_ASSIGNMENT((#2295));
#2295 = SURFACE_STYLE_USAGE(.BOTH.,#2296);
#2296 = SURFACE_SIDE_STYLE('',(#2297));
#2297 = SURFACE_STYLE_FILL_AREA(#2298);
#2298 = FILL_AREA_STYLE('',(#2299));
#2299 = FILL_AREA_STYLE_COLOUR('',#2040);
#2300 = OVER_RIDING_STYLED_ITEM('overriding color',(#2301),#1319,#2023);
#2301 = PRESENTATION_STYLE_ASSIGNMENT((#2302));
#2302 = SURFACE_STYLE_USAGE(.BOTH.,#2303);
#2303 = SURFACE_SIDE_STYLE('',(#2304));
#2304 = SURFACE_STYLE_FILL_AREA(#2305);
#2305 = FILL_AREA_STYLE('',(#2306));
#2306 = FILL_AREA_STYLE_COLOUR('',#2040);
#2307 = OVER_RIDING_STYLED_ITEM('overriding color',(#2308),#1361,#2023);
#2308 = PRESENTATION_STYLE_ASSIGNMENT((#2309));
#2309 = SURFACE_STYLE_USAGE(.BOTH.,#2310);
#2310 = SURFACE_SIDE_STYLE('',(#2311));
#2311 = SURFACE_STYLE_FILL_AREA(#2312);
#2312 = FILL_AREA_STYLE('',(#2313));
#2313 = FILL_AREA_STYLE_COLOUR('',#2040);
#2314 = OVER_RIDING_STYLED_ITEM('overriding color',(#2315),#1385,#2023);
#2315 = PRESENTATION_STYLE_ASSIGNMENT((#2316));
#2316 = SURFACE_STYLE_USAGE(.BOTH.,#2317);
#2317 = SURFACE_SIDE_STYLE('',(#2318));
#2318 = SURFACE_STYLE_FILL_AREA(#2319);
#2319 = FILL_AREA_STYLE('',(#2320));
#2320 = FILL_AREA_STYLE_COLOUR('',#2040);
#2321 = OVER_RIDING_STYLED_ITEM('overriding color',(#2322),#1427,#2023);
#2322 = PRESENTATION_STYLE_ASSIGNMENT((#2323));
#2323 = SURFACE_STYLE_USAGE(.BOTH.,#2324);
#2324 = SURFACE_SIDE_STYLE('',(#2325));
#2325 = SURFACE_STYLE_FILL_AREA(#2326);
#2326 = FILL_AREA_STYLE('',(#2327));
#2327 = FILL_AREA_STYLE_COLOUR('',#2040);
#2328 = OVER_RIDING_STYLED_ITEM('overriding color',(#2329),#1451,#2023);
#2329 = PRESENTATION_STYLE_ASSIGNMENT((#2330));
#2330 = SURFACE_STYLE_USAGE(.BOTH.,#2331);
#2331 = SURFACE_SIDE_STYLE('',(#2332));
#2332 = SURFACE_STYLE_FILL_AREA(#2333);
#2333 = FILL_AREA_STYLE('',(#2334));
#2334 = FILL_AREA_STYLE_COLOUR('',#2040);
#2335 = OVER_RIDING_STYLED_ITEM('overriding color',(#2336),#1493,#2023);
#2336 = PRESENTATION_STYLE_ASSIGNMENT((#2337));
#2337 = SURFACE_STYLE_USAGE(.BOTH.,#2338);
#2338 = SURFACE_SIDE_STYLE('',(#2339));
#2339 = SURFACE_STYLE_FILL_AREA(#2340);
#2340 = FILL_AREA_STYLE('',(#2341));
#2341 = FILL_AREA_STYLE_COLOUR('',#2040);
#2342 = OVER_RIDING_STYLED_ITEM('overriding color',(#2343),#1517,#2023);
#2343 = PRESENTATION_STYLE_ASSIGNMENT((#2344));
#2344 = SURFACE_STYLE_USAGE(.BOTH.,#2345);
#2345 = SURFACE_SIDE_STYLE('',(#2346));
#2346 = SURFACE_STYLE_FILL_AREA(#2347);
#2347 = FILL_AREA_STYLE('',(#2348));
#2348 = FILL_AREA_STYLE_COLOUR('',#2040);
#2349 = OVER_RIDING_STYLED_ITEM('overriding color',(#2350),#1559,#2023);
#2350 = PRESENTATION_STYLE_ASSIGNMENT((#2351));
#2351 = SURFACE_STYLE_USAGE(.BOTH.,#2352);
#2352 = SURFACE_SIDE_STYLE('',(#2353));
#2353 = SURFACE_STYLE_FILL_AREA(#2354);
#2354 = FILL_AREA_STYLE('',(#2355));
#2355 = FILL_AREA_STYLE_COLOUR('',#2040);
#2356 = OVER_RIDING_STYLED_ITEM('overriding color',(#2357),#1583,#2023);
#2357 = PRESENTATION_STYLE_ASSIGNMENT((#2358));
#2358 = SURFACE_STYLE_USAGE(.BOTH.,#2359);
#2359 = SURFACE_SIDE_STYLE('',(#2360));
#2360 = SURFACE_STYLE_FILL_AREA(#2361);
#2361 = FILL_AREA_STYLE('',(#2362));
#2362 = FILL_AREA_STYLE_COLOUR('',#2040);
#2363 = OVER_RIDING_STYLED_ITEM('overriding color',(#2364),#1625,#2023);
#2364 = PRESENTATION_STYLE_ASSIGNMENT((#2365));
#2365 = SURFACE_STYLE_USAGE(.BOTH.,#2366);
#2366 = SURFACE_SIDE_STYLE('',(#2367));
#2367 = SURFACE_STYLE_FILL_AREA(#2368);
#2368 = FILL_AREA_STYLE('',(#2369));
#2369 = FILL_AREA_STYLE_COLOUR('',#2040);
#2370 = OVER_RIDING_STYLED_ITEM('overriding color',(#2371),#1649,#2023);
#2371 = PRESENTATION_STYLE_ASSIGNMENT((#2372));
#2372 = SURFACE_STYLE_USAGE(.BOTH.,#2373);
#2373 = SURFACE_SIDE_STYLE('',(#2374));
#2374 = SURFACE_STYLE_FILL_AREA(#2375);
#2375 = FILL_AREA_STYLE('',(#2376));
#2376 = FILL_AREA_STYLE_COLOUR('',#2040);
#2377 = OVER_RIDING_STYLED_ITEM('overriding color',(#2378),#1691,#2023);
#2378 = PRESENTATION_STYLE_ASSIGNMENT((#2379));
#2379 = SURFACE_STYLE_USAGE(.BOTH.,#2380);
#2380 = SURFACE_SIDE_STYLE('',(#2381));
#2381 = SURFACE_STYLE_FILL_AREA(#2382);
#2382 = FILL_AREA_STYLE('',(#2383));
#2383 = FILL_AREA_STYLE_COLOUR('',#2040);
#2384 = OVER_RIDING_STYLED_ITEM('overriding color',(#2385),#1715,#2023);
#2385 = PRESENTATION_STYLE_ASSIGNMENT((#2386));
#2386 = SURFACE_STYLE_USAGE(.BOTH.,#2387);
#2387 = SURFACE_SIDE_STYLE('',(#2388));
#2388 = SURFACE_STYLE_FILL_AREA(#2389);
#2389 = FILL_AREA_STYLE('',(#2390));
#2390 = FILL_AREA_STYLE_COLOUR('',#2040);
#2391 = OVER_RIDING_STYLED_ITEM('overriding color',(#2392),#1757,#2023);
#2392 = PRESENTATION_STYLE_ASSIGNMENT((#2393));
#2393 = SURFACE_STYLE_USAGE(.BOTH.,#2394);
#2394 = SURFACE_SIDE_STYLE('',(#2395));
#2395 = SURFACE_STYLE_FILL_AREA(#2396);
#2396 = FILL_AREA_STYLE('',(#2397));
#2397 = FILL_AREA_STYLE_COLOUR('',#2040);
ENDSEC;
END-ISO-10303-21;
